obs_id,obs_date,exposure_ks,num_flares
13841,2012-07-17T21:15:09,45.071881,0
13846,2012-05-16T10:49:33,56.173958,0
16508,2014-02-21T11:34:27,47.873725,1
16966,2015-05-14T08:53:48,25.071313,1
28231,2024-04-08T07:28:07,22.896067,1
14438,2012-05-18T04:37:04,25.795602,0
13848,2012-05-09T12:10:32,98.16358,0
18058,2016-10-14T10:44:16,25.067066,0
26757,2023-04-13T06:11:32,24.596526,0
7559,2007-10-26T09:59:14,5.075463,0
14462,2012-10-06T16:30:38,126.206429,2
16597,2014-07-04T20:56:19,18.153466,0
6644,2006-08-22T05:58:28,5.050305,0
19726,2017-04-06T03:49:57,31.07166,0
26759,2023-04-18T06:15:44,25.395656,1
18056,2016-02-14T14:41:42,24.027084,0
6643,2006-07-30T14:36:48,5.047313,0
13016,2011-03-29T10:31:47,18.06896,1
7557,2007-07-20T02:34:16,5.047391,0
14465,2012-07-18T23:32:04,44.346116,2
14439,2012-08-06T22:23:45,111.727769,1
13849,2012-05-11T03:26:32,178.754344,1
28230,2024-04-06T07:18:46,25.097181,0
13847,2012-04-30T16:23:44,154.072388,1
13840,2012-07-26T20:09:41,162.510977,1
13017,2011-03-31T10:32:03,11.098334,0
7556,2007-05-17T01:12:11,5.044742,0
6642,2006-07-04T11:09:40,1.344318,0
26760,2023-04-20T04:42:31,25.496325,1
6645,2006-09-25T13:49:46,5.182153,0
14463,2012-10-16T00:49:58,30.772979,1
26758,2023-04-16T05:45:26,25.09707,0
18057,2016-10-08T19:04:30,25.065992,0
19727,2017-04-07T05:00:10,30.655382,0
7558,2007-09-02T20:22:05,5.047144,0
2952,2002-03-23T12:25:57,12.015555,0
20347,2018-04-25T03:42:26,36.071635,0
16215,2014-07-16T22:51:21,45.704351,0
16212,2014-04-04T02:28:54,50.075274,0
9174,2008-07-25T21:57:34,29.177229,0
21455,2019-03-31T05:22:00,33.072513,0
9173,2008-07-26T21:27:28,28.133696,1
242,1999-09-21T02:42:54,0.690264,0
2954,2002-05-07T09:31:32,12.621406,0
20346,2018-04-24T03:38:39,33.071071,1
2953,2002-04-19T11:04:12,11.748366,0
14941,2013-04-06T01:26:13,13.045989,0
14946,2013-07-02T06:57:56,20.069813,0
6363,2006-07-17T04:05:54,30.155595,1
21454,2019-03-30T05:36:23,33.596874,2
9172,2008-05-11T03:43:29,27.793504,0
21453,2019-03-29T04:05:11,33.072035,0
16213,2014-04-28T02:50:32,49.572162,0
16214,2014-05-20T00:26:35,50.071349,0
10556,2009-05-18T02:27:12,16.236776,4
18732,2016-07-18T12:08:57,84.46573,1
4683,2004-07-05T22:41:14,50.18261,0
4684,2004-07-06T22:37:58,50.185568,1
15041,2013-07-27T01:34:00,50.06671,2
5950,2005-07-24T20:05:20,49.176216,0
11843,2010-05-13T02:19:25,79.984413,1
9169,2008-05-05T03:59:26,18.426477,0
22230,2019-07-17T22:59:57,57.666042,1
5951,2005-07-27T19:14:54,27.457168,0
23665,2021-04-10T06:37:33,25.072504,1
13838,2012-08-01T17:36:43,99.551738,1
20446,2019-07-21T00:08:32,57.666541,1
20040,2017-04-12T05:21:53,30.35787,0
13853,2012-07-14T00:46:02,73.669895,0
13854,2012-03-20T10:13:47,23.066832,4
19703,2017-07-15T22:43:36,89.294428,2
25300,2022-03-25T07:23:38,25.097258,0
19704,2017-07-25T23:04:12,86.464198,0
20447,2019-07-26T01:40:35,57.665704,0
13839,2012-07-24T07:11:01,176.243375,2
15568,2012-10-18T08:52:36,36.062053,0
13855,2012-03-22T11:26:42,20.06367,0
20041,2017-04-11T03:54:45,34.071579,1
13852,2012-08-04T02:44:39,156.557665,2
14414,2012-03-23T17:50:41,20.063766,0
14413,2012-03-21T06:46:31,14.726595,0
14468,2012-10-29T23:37:59,146.051892,2
6640,2006-05-03T22:32:27,5.167342,0
22594,2021-06-19T23:47:34,20.069813,1
14466,2012-07-20T12:45:29,45.084266,1
7554,2007-02-11T06:12:13,5.148538,0
14461,2012-07-12T05:57:36,50.973939,0
22593,2021-05-25T03:23:35,22.704664,0
18055,2016-02-13T08:54:55,25.071808,2
13845,2012-05-19T10:51:01,135.319179,1
13842,2012-07-21T12:00:56,191.747321,3
3392,2002-05-25T15:23:50,24.755309,3
14432,2012-07-30T13:03:31,74.265313,2
16965,2015-08-17T10:40:19,25.067749,0
28232,2024-04-09T07:32:09,25.097102,0
22592,2021-05-23T01:55:02,21.525021,1
6646,2006-10-29T03:23:11,5.166574,0
14460,2012-07-09T22:42:02,24.06259,0
7555,2007-03-25T22:57:14,5.154917,0
6641,2006-06-01T16:15:54,5.132558,0
22595,2021-06-20T23:51:43,20.104724,3
15570,2012-10-25T03:27:07,68.707021,1
22937,2020-08-20T23:30:23,25.801237,1
16964,2015-10-21T06:00:45,24.946393,0
16963,2015-02-13T00:37:37,25.071793,1
13843,2012-10-22T15:57:29,120.667602,1
22707,2020-07-02T11:43:11,26.026,0
3393,2002-05-28T05:42:39,106.56253,3
13844,2012-07-10T23:19:53,20.064007,0
16211,2014-03-14T10:17:59,46.074961,0
16216,2014-08-02T03:37:51,47.066154,0
21456,2019-04-01T04:25:01,33.072373,1
9170,2008-05-06T03:06:45,27.14866,0
16218,2014-10-20T08:18:22,40.066239,1
14943,2013-10-17T15:37:18,20.068034,0
25297,2022-03-20T05:05:20,25.916995,1
29496,2024-09-06T19:59:19,27.2921,0
14944,2013-09-20T07:02:53,20.068598,1
25299,2022-03-23T07:27:45,23.096354,0
23738,2021-07-27T23:54:13,21.702381,0
20344,2018-04-20T03:22:12,32.072239,0
2951,2002-02-19T14:23:59,12.536887,0
9171,2008-05-10T03:24:39,19.210668,0
16217,2014-08-30T04:53:06,38.06529,1
16210,2014-06-03T03:07:31,18.76924,0
22288,2019-08-15T23:29:20,26.667437,0
25298,2022-03-22T06:21:01,25.097244,0
23739,2021-07-29T23:45:10,21.702878,1
20345,2018-04-22T03:35:58,31.474867,0
14945,2013-08-31T10:15:29,20.067056,0
14942,2013-04-14T15:46:48,20.094774,0
23737,2021-06-26T01:45:25,22.703938,0
15045,2013-10-28T14:26:09,50.065464,2
5953,2005-07-30T19:44:52,45.95953,1
15042,2013-08-11T23:03:07,49.420558,2
5954,2005-08-01T20:22:14,18.062816,0
2943,2002-05-22T23:27:19,38.183819,0
14394,2012-02-10T03:12:35,18.065401,0
14393,2012-02-11T10:09:28,41.549364,0
14703,2013-06-04T08:53:28,18.568403,0
20750,2019-08-13T23:23:09,26.767053,0
1561,2000-10-26T19:03:10,36.257427,2
1561,2001-07-14T01:51:10,5.230977,2
18731,2016-07-12T18:31:40,86.467041,1
3663,2002-05-24T11:57:57,30.974637,1
14702,2013-05-12T10:45:41,15.071624,0
22604,2020-03-26T04:44:00,33.073386,0
14392,2012-02-09T06:13:13,59.253508,2
15043,2013-09-14T00:05:43,50.064571,1
15044,2013-10-04T17:22:43,47.064119,0
5952,2005-07-29T19:57:37,29.564562,1
3665,2002-06-03T01:32:47,5.613129,0
6113,2005-02-27T06:23:31,4.922441,0
20751,2019-08-19T22:51:15,26.766511,1
28229,2024-04-04T07:21:02,25.096207,0
14427,2012-05-06T20:08:29,80.070171,2
13857,2012-03-17T08:58:52,39.558729,1
6639,2006-04-11T05:36:43,4.551725,0
13850,2012-02-06T00:33:17,60.066663,0
3549,2003-06-19T18:37:22,25.11857,0
23666,2021-04-11T06:24:17,25.071954,1
23668,2021-04-16T08:30:16,25.07143,0
13851,2012-10-16T18:46:10,107.05473,1
13856,2012-03-15T08:46:12,40.067675,0
23295,2020-07-03T17:56:27,16.957989,0
23667,2021-04-14T02:53:07,25.956888,0
