obs_id,filename,flare_number,start_mjd,end_mjd,duration_s,rate_mean,rate_mean_err,rate_max,rate_max_err,energy_1e37erg,energy_err,luminosity_1e34,luminosity_err,flux_1e_minus12,flux_err,fluence_ct,obs_setup
1561,01561_SGRA_TABLE_RESULTS_pileupcorr.txt,1,51844.1051536376,51844.1128804099,667.6128,0.0347,0.007,0.0391,0.0122,1.5086,0.3621,2.2597,0.5423,2.9958,0.719,23.1811,TE_002DC
1561,01561_SGRA_TABLE_RESULTS_pileupcorr.txt,2,51844.1539898371,51844.2795123523,10845.1872,0.0626,0.0024,0.1861,0.06,47.7706,2.0631,4.4048,0.1902,5.8396,0.2524,679.0,TE_002DC
3392,03392_SGRA_TABLE_RESULTS_pileupcorr.txt,1,52420.1758120228,52420.2104408491,2991.9456,0.0225,0.0027,0.0428,0.0128,4.0808,0.624,1.3639,0.2086,1.8082,0.2765,67.2137,TE_003B6
3392,03392_SGRA_TABLE_RESULTS_pileupcorr.txt,2,52420.568998866,52420.6309489083,5352.48,0.0126,0.0015,0.0315,0.0108,3.2254,0.637,0.6026,0.119,0.7989,0.1578,67.2694,TE_003B6
3392,03392_SGRA_TABLE_RESULTS_pileupcorr.txt,3,52421.2367785838,52421.2489758648,1053.8208,0.0297,0.0052,0.0314,0.0108,2.0272,0.422,1.9237,0.4005,2.5503,0.5309,31.3425,TE_003B6
3393,03393_SGRA_TABLE_RESULTS_pileupcorr.txt,1,52422.637211519,52422.6752940158,3290.3712,0.0787,0.0049,0.1796,0.054,18.7344,1.2404,5.6937,0.377,7.5484,0.4999,259.0,TE_003B6
3393,03393_SGRA_TABLE_RESULTS_pileupcorr.txt,2,52423.2387870099,52423.3009367529,5369.760000000000,0.0324,0.0024,0.0827,0.0202,11.4511,0.9993,2.1325,0.1861,2.8271,0.2468,174.0819,TE_003B6
3393,03393_SGRA_TABLE_RESULTS_pileupcorr.txt,3,52423.7816468181,52423.7936077478,1033.4304,0.0646,0.0076,0.0745,0.0186,4.7614,0.6013,4.6074,0.5818,6.1082,0.7714,66.7515,TE_003B6
3663,03663_SGRA_TABLE_RESULTS_pileupcorr.txt,1,52418.8011211186,52418.8559271925,4735.2384,0.0205,0.002,0.0427,0.0128,5.4287,0.7653,1.1465,0.1616,1.5199,0.2143,96.9218,TE_003B6
4684,04684_SGRA_TABLE_RESULTS_pileupcorr.txt,1,53193.1433966282,53193.1634999663,1736.8992000000000,0.0725,0.0061,0.1132,0.0276,8.9197,0.8233,5.1354,0.474,6.8082,0.6285,125.9883,TE_003B6
5952,05952_SGRA_TABLE_RESULTS_pileupcorr.txt,1,53581.1097515494,53581.1501751383,3492.6336,0.0213,0.0024,0.039,0.0121,4.1983,0.666,1.2021,0.1907,1.5936,0.2528,74.3259,TE_003B6
5953,05953_SGRA_TABLE_RESULTS_pileupcorr.txt,1,53581.9306907625,53581.9555373808,2146.7808,0.0484,0.0046,0.0785,0.0194,7.2478,0.7602,3.3761,0.3541,4.4758,0.4695,103.9537,TE_003B6
6363,06363_SGRA_TABLE_RESULTS_pileupcorr.txt,1,53933.2490317925,53933.280367879,2707.4304,0.0576,0.0046,0.1177,0.0289,11.1307,0.9651,4.1112,0.3565,5.4503,0.4726,156.0,TE_003B6
9173,09173_SGRA_TABLE_RESULTS_pileupcorr.txt,1,54673.90630603,54674.0403465407,11581.142400000000,0.0086,0.0009,0.0277,0.0101,4.2842,0.8715,0.3699,0.0752,0.4904,0.0998,99.3332,TE_007B4
10556,10556_SGRA_TABLE_RESULTS_pileupcorr.txt,1,54969.1157869404,54969.1296568924,1198.368,0.0445,0.0059,0.0545,0.0149,3.6253,0.5448,3.0252,0.4546,4.0106,0.6028,53.3034,TE_002FA
10556,10556_SGRA_TABLE_RESULTS_pileupcorr.txt,2,54969.4084185051,54969.4500645368,3598.2144000000000,0.026,0.0026,0.0464,0.0135,5.7687,0.7357,1.6032,0.2045,2.1254,0.2711,93.5342,TE_002FA
10556,10556_SGRA_TABLE_RESULTS_pileupcorr.txt,3,54969.9662496287,54969.9855184027,1664.8416000000000,0.1072,0.0075,0.1314,0.0332,13.0666,0.9587,7.8486,0.5758,10.4051,0.7636,178.4446,TE_002FA
10556,10556_SGRA_TABLE_RESULTS_pileupcorr.txt,4,54970.0408161481,54970.0476329314,588.9888,0.0944,0.0119,0.0956,0.0231,4.0428,0.5387,6.864,0.9146,9.0999,1.2126,55.5918,TE_002FA
11843,11843_SGRA_TABLE_RESULTS_pileupcorr.txt,1,55329.1538426927,55329.1949982424,3555.8784,0.1221,0.0054,0.1648,0.0466,31.7286,1.4838,8.9228,0.4173,11.8294,0.5535,434.2315,TE_00866
13016,13016_SGRA_TABLE_RESULTS_pileupcorr.txt,1,55649.448992503,55649.4836964947,2998.4256,0.014,0.0021,0.0206,0.0086,2.4056,0.505,0.8023,0.1684,1.0636,0.2233,41.8751,TE_00866
13838,13838_SGRA_TABLE_RESULTS.txt,1,56141.0172883562,56141.0524231841,3035.6640000000000,0.0534,0.0042,0.125,0.0205,10.8839,0.9816,3.5853,0.3234,4.7532,0.4288,162.0,TE_008D0
13839,13839_SGRA_TABLE_RESULTS.txt,1,56132.3935211684,56132.4034276333,855.8784000000000,0.0502,0.0077,0.0574,0.0139,2.8682,0.5046,3.3511,0.5896,4.4427,0.7817,42.998,TE_008D0
13839,13839_SGRA_TABLE_RESULTS.txt,2,56134.0058681187,56134.0415119547,3079.6416000000000,0.0857,0.0053,0.1385,0.0216,18.7268,1.2509,6.0808,0.4062,8.0616,0.5387,264.0012,TE_008D0
13840,13840_SGRA_TABLE_RESULTS.txt,1,56136.6320188671,56136.6591742431,2346.192,0.0196,0.0029,0.0236,0.0089,2.2646,0.5232,0.9652,0.223,1.2796,0.2956,45.9994,TE_008D0
13842,13842_SGRA_TABLE_RESULTS.txt,1,56130.1918448833,56130.2294147132,3246.048,0.0376,0.0034,0.0574,0.0139,7.7872,0.8536,2.399,0.263,3.1804,0.3487,122.0006,TE_008D0
13842,13842_SGRA_TABLE_RESULTS.txt,2,56130.913283464,56130.9239888886,924.9120000000000,0.0551,0.0077,0.0709,0.0155,3.4678,0.5498,3.7493,0.5945,4.9706,0.7882,50.998,TE_008D0
13842,13842_SGRA_TABLE_RESULTS.txt,3,56131.498799817,56131.5874654235,7660.742400000000,0.0218,0.0017,0.0405,0.0117,9.0763,1.0128,1.1848,0.1322,1.5707,0.1753,167.0007,TE_008D0
13843,13843_SGRA_TABLE_RESULTS.txt,1,56223.3782249419,56223.4728285995,8173.699200000000,0.0328,0.002,0.1148,0.0197,16.4799,1.2762,2.0162,0.1561,2.673,0.207,268.0,TE_008D0
13845,13845_SGRA_TABLE_RESULTS.txt,1,56067.8692229492,56068.0313904359,14011.2288,0.0168,0.0011,0.0946,0.0179,11.138,1.2051,0.7949,0.086,1.0539,0.114,235.0,TE_008D0
13847,13847_SGRA_TABLE_RESULTS.txt,1,56048.5152617972,56048.5528192105,3244.9248000000000,0.0237,0.0027,0.0439,0.0122,4.2798,0.6788,1.3189,0.2092,1.7486,0.2773,76.9992,TE_008D0
13849,13849_SGRA_TABLE_RESULTS.txt,1,56060.1421631247,56060.1703578731,2436.0480000000000,0.0546,0.0047,0.0709,0.0155,8.8219,0.888,3.6214,0.3645,4.801,0.4833,133.0012,TE_008D0
13851,13851_SGRA_TABLE_RESULTS.txt,1,56217.8122561849,56217.8742720065,5358.182400000000,0.0761,0.0038,0.1824,0.0248,29.0107,1.5588,5.4143,0.2909,7.1779,0.3859,408.0,TE_008D0
13852,13852_SGRA_TABLE_RESULTS.txt,1,56143.3215321682,56143.3356009205,1215.5616,0.051,0.0065,0.0675,0.0151,4.1146,0.6063,3.385,0.4988,4.4876,0.6613,62.0011,TE_008D0
13852,13852_SGRA_TABLE_RESULTS.txt,2,56144.3340669426,56144.3540238093,1724.2848,0.0226,0.0036,0.027,0.0096,2.0714,0.4819,1.2013,0.2795,1.5926,0.3705,39.0003,TE_008D0
13854,13854_SGRA_TABLE_RESULTS.txt,1,56006.4868983093,56006.4946421282,669.0816,0.0523,0.0088,0.054,0.0135,2.2562,0.4584,3.3721,0.6851,4.4705,0.9083,35.0008,TE_008D0
13854,13854_SGRA_TABLE_RESULTS.txt,2,56006.5288187797,56006.5381451058,805.7664,0.0546,0.0082,0.0608,0.0143,2.8592,0.5145,3.5485,0.6386,4.7043,0.8466,43.9985,TE_008D0
13854,13854_SGRA_TABLE_RESULTS.txt,3,56006.5856100532,56006.5968083155,967.5072,0.0517,0.0073,0.0642,0.0147,3.2154,0.5497,3.3233,0.5682,4.4059,0.7533,49.9988,TE_008D0
13854,13854_SGRA_TABLE_RESULTS.txt,4,56006.6828494131,56006.6875037033,402.10560000000000,0.0995,0.0157,0.0946,0.0179,2.8146,0.4876,6.9997,1.2127,9.2797,1.6078,39.9975,TE_008D0
13857,13857_SGRA_TABLE_RESULTS.txt,1,56003.6701941419,56003.6760472825,505.69920000000000,0.0356,0.0084,0.0372,0.0112,1.1204,0.327,2.2155,0.6466,2.9372,0.8573,17.9996,TE_008D0
14392,14392_SGRA_TABLE_RESULTS.txt,1,55966.4300207317,55966.4544349776,2109.3696,0.0213,0.0032,0.0372,0.0112,2.3382,0.5229,1.1085,0.2479,1.4695,0.3287,44.9995,TE_008D0
14392,14392_SGRA_TABLE_RESULTS.txt,2,55966.5986448471,55966.6639426611,5641.6608,0.1308,0.0048,0.2466,0.0289,53.7648,2.1019,9.53,0.3726,12.6342,0.4944,738.0,TE_008D0
14427,14427_SGRA_TABLE_RESULTS.txt,1,56054.1011198334,56054.1589818384,4999.2768,0.0194,0.002,0.0338,0.0107,5.2726,0.7779,1.0547,0.1556,1.3982,0.2063,97.0,TE_008D0
14427,14427_SGRA_TABLE_RESULTS.txt,2,56054.472124744,56054.4975012336,2192.4864,0.0187,0.0029,0.0338,0.0107,2.1938,0.4986,1.0006,0.2274,1.3265,0.3015,40.9992,TE_008D0
14432,14432_SGRA_TABLE_RESULTS.txt,1,56138.5614005157,56138.6138749833,4533.7536,0.0135,0.0017,0.0203,0.0083,2.5658,0.6101,0.5659,0.1346,0.7503,0.1784,60.9995,TE_008D0
14432,14432_SGRA_TABLE_RESULTS.txt,2,56139.3750400662,56139.420952753,3966.8832,0.0497,0.0035,0.1013,0.0185,13.2932,1.0837,3.3511,0.2732,4.4426,0.3622,197.0,TE_008D0
14439,14439_SGRA_TABLE_RESULTS.txt,1,56147.1355061155,56147.1509915782,1337.904,0.0269,0.0045,0.0338,0.0107,2.1086,0.4623,1.576,0.3455,2.0894,0.4581,35.9989,TE_008D0
14462,14462_SGRA_TABLE_RESULTS.txt,1,56207.1782699449,56207.1892292311,946.8576,0.0306,0.0057,0.0372,0.0112,1.7751,0.4147,1.8747,0.438,2.4853,0.5807,28.9992,TE_008D0
14462,14462_SGRA_TABLE_RESULTS.txt,2,56208.1851883119,56208.2160148706,2663.4528,0.0263,0.0031,0.054,0.0135,4.103,0.646,1.5405,0.2425,2.0423,0.3216,70.001,TE_008D0
14463,14463_SGRA_TABLE_RESULTS.txt,1,56216.2380469755,56216.2441176205,524.5344,0.1163,0.0149,0.0844,0.0169,4.4113,0.6014,8.4099,1.1465,11.1493,1.52,61.0036,TE_008D0
14465,14465_SGRA_TABLE_RESULTS.txt,1,56126.9811903736,56127.0391365984,5006.5344,0.0174,0.0019,0.0372,0.0112,4.4513,0.7414,0.8891,0.1481,1.1787,0.1963,86.9997,TE_008D0
14465,14465_SGRA_TABLE_RESULTS.txt,2,56127.1819307434,56127.2080320547,2255.1264,0.0186,0.0029,0.0304,0.0101,2.2213,0.5056,0.985,0.2242,1.3059,0.2972,41.9995,TE_008D0
14466,14466_SGRA_TABLE_RESULTS.txt,1,56128.5461937825,56128.5603894327,1226.5344,0.0359,0.0054,0.0743,0.0158,2.7135,0.5117,2.2123,0.4172,2.933,0.5531,44.0011,TE_008D0
14468,14468_SGRA_TABLE_RESULTS.txt,1,56230.2939987989,56230.3345487205,3503.5200000000000,0.0245,0.0026,0.0439,0.0122,5.0148,0.7162,1.4314,0.2044,1.8976,0.271,86.0002,TE_008D0
14468,14468_SGRA_TABLE_RESULTS.txt,2,56231.5642457846,56231.5894560817,2178.144,0.0298,0.0037,0.0507,0.0131,4.0049,0.6214,1.8387,0.2853,2.4376,0.3783,64.9992,TE_008D0
14944,14944_SGRA_TABLE_RESULTS.txt,1,56555.4567037892,56555.4854216868,2481.2352,0.0168,0.0029,0.031,0.0117,2.56,0.5735,1.0317,0.2311,1.3678,0.3064,41.6588,TE_008FC
15041,15041_SGRA_TABLE_RESULTS.txt,1,56500.1507258236,56500.1627820644,1041.6384,0.031,0.0058,0.0394,0.0128,2.088,0.4704,2.0046,0.4516,2.6575,0.5987,32.3145,TE_008FC
15041,15041_SGRA_TABLE_RESULTS.txt,2,56500.464956453,56500.474215574,799.9776000000000,0.0293,0.0065,0.0376,0.0128,1.4947,0.4014,1.8684,0.5018,2.4771,0.6652,23.4018,TE_008FC
15042,15042_SGRA_TABLE_RESULTS.txt,1,56516.3603274703,56516.3749291794,1261.6128,0.0268,0.005,0.0447,0.0137,2.1752,0.4829,1.7241,0.3827,2.2857,0.5074,33.8494,TE_008FC
15042,15042_SGRA_TABLE_RESULTS.txt,2,56516.4086533693,56516.4446348164,3108.7584000000000,0.0252,0.0031,0.0396,0.0126,4.9673,0.7436,1.5978,0.2392,2.1183,0.3171,78.3052,TE_008FC
15043,15043_SGRA_TABLE_RESULTS.txt,1,56549.0852479914,56549.1493475096,5538.240000000000,0.5005,0.0095,1.2769,0.136,210.3417,4.0559,37.9799,0.7323,50.3514,0.9744,2772.0,TE_008FC
15045,15045_SGRA_TABLE_RESULTS.txt,1,56593.6715066504,56593.6981197756,2299.3632000000000,0.0302,0.0038,0.037,0.0123,4.385,0.6768,1.9071,0.2944,2.5283,0.3903,69.5201,TE_008FC
15045,15045_SGRA_TABLE_RESULTS.txt,2,56593.8274951275,56593.8384486763,946.4256,0.0278,0.0057,0.0403,0.0128,1.6295,0.416,1.7217,0.4395,2.2825,0.5827,26.3342,TE_008FC
15570,15570_SGRA_TABLE_RESULTS.txt,1,56225.2301107415,56225.2583015752,2435.7024,0.0324,0.0036,0.0709,0.0155,4.9331,0.6863,2.0253,0.2818,2.6851,0.3736,79.0,TE_008D0
16217,16217_SGRA_TABLE_RESULTS.txt,1,56899.4940569153,56899.5475196609,4619.2032,0.0179,0.002,0.0424,0.0128,4.6878,0.7474,1.0149,0.1618,1.3454,0.2145,82.8642,TE_008FC
16218,16218_SGRA_TABLE_RESULTS.txt,1,56950.5521584909,56950.6266658518,6437.4912000000000,0.1254,0.0044,0.5623,0.0528,59.7097,2.2046,9.2753,0.3425,12.2966,0.4545,807.0,TE_008FC
16508,16508_SGRA_TABLE_RESULTS.txt,1,56710.0279580639,56710.0467113822,1620.2592,0.026,0.0041,0.0343,0.0117,2.5615,0.5184,1.5809,0.3199,2.0959,0.4241,42.1431,TE_008FC
16963,16963_SGRA_TABLE_RESULTS.txt,1,57066.2491718816,57066.2592286646,868.9248,0.0441,0.0072,0.0541,0.0144,2.6429,0.4819,3.0416,0.5545,4.0324,0.7352,38.3158,TE_008FC
16966,16966_SGRA_TABLE_RESULTS.txt,1,57156.5078461703,57156.5423475553,2980.8864000000000,0.0554,0.0043,0.1384,0.0231,11.4931,1.0025,3.8556,0.3363,5.1115,0.4459,165.0,TE_008FC
18055,18055_SGRA_TABLE_RESULTS.txt,1,57431.506776851,57431.5521702619,3922.0416000000000,0.0423,0.0033,0.1625,0.0167,-16.3041,-1.0254,-4.1571,0.2615,-5.5112,-0.3467,166.0,TE_008FC
18055,18055_SGRA_TABLE_RESULTS.txt,2,57431.6501269879,57431.6753327827,2177.7984,0.1724,0.0062,0.1459,0.0202,12.7352,1.0423,5.8477,0.4786,7.7526,0.6346,375.4244,TE_008FC
18731,18731_SGRA_TABLE_RESULTS_pileupcorr.txt,1,57581.9520631348,57581.9625245837,903.8304000000000,0.0357,0.0063,0.0555,0.0153,2.0957,0.4356,2.3187,0.4819,3.074,0.6389,32.2257,TE_008FC
18732,18732_SGRA_TABLE_RESULTS_pileupcorr.txt,1,57587.6279846369,57587.6576560533,2563.5744,0.0219,0.0029,0.0445,0.0134,3.3376,0.578,1.3019,0.2255,1.726,0.2989,56.2442,TE_008FC
19703,19703_SGRA_TABLE_RESULTS_pileupcorr.txt,1,57949.9606547532,57950.0140103535,4609.9584,0.0137,0.0017,0.0254,0.0098,3.1846,0.6209,0.6908,0.1347,0.9158,0.1786,63.1728,TE_008FC
19703,19703_SGRA_TABLE_RESULTS_pileupcorr.txt,2,57950.5536556274,57950.5658856855,1056.672,0.0353,0.0058,0.0477,0.0134,2.4822,0.4686,2.3491,0.4435,3.1143,0.588,37.2595,TE_008FC
20041,20041_SGRA_TABLE_RESULTS_pileupcorr.txt,1,57854.3545234889,57854.3809904317,2286.7488000000000,0.1006,0.0066,0.1664,0.0253,16.4507,1.1723,7.1939,0.5127,9.5373,0.6798,230.0,TE_008FC
20346,20346_SGRA_TABLE_RESULTS_pileupcorr.txt,1,58232.2094138099,58232.2480280975,3336.336,0.1157,0.0059,0.3069,0.0354,28.5557,1.5151,8.559,0.4541,11.347,0.6023,386.0,TE_008FC
20446,20446_SGRA_TABLE_RESULTS_pileupcorr.txt,1,58685.0777559162,58685.0882939269,910.4832,0.0276,0.0055,0.0365,0.0117,1.5592,0.3853,1.7125,0.4232,2.2704,0.561,25.1375,TE_008FC
20751,20751_SGRA_TABLE_RESULTS_pileupcorr.txt,1,58715.156961405,58715.2262554391,5987.0016000000000,0.1911,0.0056,0.7472,0.0675,85.6709,2.6144,14.3095,0.4367,18.9706,0.5798,1144.0,TE_008FC
21454,21454_SGRA_TABLE_RESULTS_pileupcorr.txt,1,58572.2499136315,58572.2652645892,1326.3264,0.1033,0.0088,0.1979,0.0278,9.8515,0.9027,7.4277,0.6806,9.8472,0.9024,137.0,TE_008FC
21454,21454_SGRA_TABLE_RESULTS_pileupcorr.txt,2,58572.4597801484,58572.4824415204,1957.9968,0.0373,0.0044,0.1161,0.021,4.6013,0.6641,2.35,0.3392,3.1155,0.4497,73.0,TE_008FC
21456,21456_SGRA_TABLE_RESULTS_pileupcorr.txt,1,58574.4761701491,58574.4931112524,1463.7024000000000,0.0309,0.0046,0.0514,0.0139,2.9343,0.5185,2.0047,0.3543,2.6577,0.4697,45.277,TE_008FC
22230,22230_SGRA_TABLE_RESULTS_pileupcorr.txt,1,58682.1350683115,58682.1485208444,1162.3392,0.0627,0.0073,0.1124,0.0206,5.1119,0.654,4.3979,0.5626,5.8305,0.746,72.8982,TE_008FC
22592,22592_SGRA_TABLE_RESULTS_pileupcorr.txt,1,59357.2033116202,59357.2601579368,4911.4944000000000,0.0257,0.0023,0.0834,0.0176,7.5586,0.9117,1.539,0.1856,2.0403,0.2461,126.0,TE_00C2C
22594,22594_SGRA_TABLE_RESULTS_pileupcorr.txt,1,59385.1461599711,59385.1922850757,3985.2,0.0735,0.0043,0.2018,0.0281,21.061,1.3304,5.2848,0.3338,7.0063,0.4427,293.0,TE_008FC
22595,22595_SGRA_TABLE_RESULTS_pileupcorr.txt,1,59386.0150757433,59386.0259079556,935.8848000000000,0.0967,0.01,0.1363,0.0227,6.2439,0.7285,6.6716,0.7784,8.8449,1.0321,90.5039,TE_00C2C
22595,22595_SGRA_TABLE_RESULTS_pileupcorr.txt,2,59386.0852738163,59386.1159454584,2650.0608,0.0459,0.0041,0.0872,0.018,7.3239,0.8892,2.7637,0.3355,3.6639,0.4449,121.639,TE_00C2C
22595,22595_SGRA_TABLE_RESULTS_pileupcorr.txt,3,59386.1312701681,59386.1857061669,4703.270400000000,0.0927,0.0044,0.2472,0.0319,29.9304,1.6833,6.3637,0.3579,8.4367,0.4747,436.0,TE_00C2C
22937,22937_SGRA_TABLE_RESULTS_pileupcorr.txt,1,59082.237694658,59082.3062533374,5920.3008,0.0186,0.0017,0.0351,0.0114,6.4196,0.8217,1.0843,0.1388,1.4375,0.184,110.0249,TE_00866
23665,23665_SGRA_TABLE_RESULTS_pileupcorr.txt,1,59314.3525806787,59314.3741622918,1864.6848,0.0318,0.0041,0.048,0.0134,3.7648,0.5962,2.019,0.3197,2.6767,0.4239,59.3752,TE_008FC
23666,23666_SGRA_TABLE_RESULTS_pileupcorr.txt,1,59315.5674243423,59315.5751048431,663.6384,0.0303,0.0067,0.0443,0.0128,1.2778,0.3448,1.9254,0.5196,2.5526,0.6889,20.1221,TE_008FC
23739,23739_SGRA_TABLE_RESULTS_pileupcorr.txt,1,59425.0239573369,59425.0477052716,2051.8272000000000,0.1716,0.0091,0.4435,0.0487,26.1949,1.4459,12.7666,0.7047,16.9252,0.9347,352.0,TE_00C2C
25297,25297_SGRA_TABLE_RESULTS_pileupcorr.txt,1,59658.3374265859,59658.413494944,6572.2752,0.0145,0.0015,0.0397,0.0121,5.0961,0.8205,0.7754,0.1248,1.028,0.1655,95.3433,TE_00D50
26759,26759_SGRA_TABLE_RESULTS_pileupcorr.txt,1,60052.4355408632,60052.4594135912,2062.6272,0.0166,0.0028,0.0287,0.0103,1.8361,0.4583,0.8902,0.2222,1.1801,0.2946,34.1407,TE_00D50
26760,26760_SGRA_TABLE_RESULTS_pileupcorr.txt,1,60054.4141706355,60054.4676307197,4618.944,0.0316,0.0026,0.0435,0.0126,9.3529,0.9463,2.0249,0.2049,2.6845,0.2716,146.1407,TE_00D50
28231,28231_SGRA_TABLE_RESULTS_pileupcorr.txt,1,60408.569112426,60408.5897757658,1785.3696000000000,0.019,0.0033,0.0434,0.0126,1.7945,0.4544,1.0051,0.2545,1.3325,0.3375,34.0,TE_00D50