obs_id,flare_number,start_mjd,end_mjd,duration_s,Mean Rate,Max Rate,Energy (1e37erg),Luminosity (1e34),Flux (1e-12),Fluence,Hardness Ratio,Shape
1561,1,51844.10515,51844.11288,668,0.033 $\pm$ 0.007,0.040 $\pm$ 0.011,1.558 $\pm$ 0.033,2.334 $\pm$ 0.049,2.917 $\pm$ 0.061,22 $\pm$ 0.154,1.200 $\pm$ 0.514,1
1561,2,51844.15817,51844.27951,10484,0.064 $\pm$ 0.003,0.367 $\pm$ 0.023,52.128 $\pm$ 0.514,4.972 $\pm$ 0.049,6.214 $\pm$ 0.062,674 $\pm$ 1.685,1.893 $\pm$ 0.153,3
3663,1,52418.80112,52418.85593,4735,0.021 $\pm$ 0.002,0.047 $\pm$ 0.012,6.256 $\pm$ 0.190,1.321 $\pm$ 0.040,1.651 $\pm$ 0.050,101 $\pm$ 0.212,1.730 $\pm$ 0.357,2
3392,1,52420.17534,52420.21044,3033,0.022 $\pm$ 0.003,0.045 $\pm$ 0.012,4.357 $\pm$ 0.077,1.437 $\pm$ 0.025,1.795 $\pm$ 0.032,66 $\pm$ 0.178,2.000 $\pm$ 0.522,1
3392,2,52420.56900,52420.63095,5352,0.012 $\pm$ 0.002,0.033 $\pm$ 0.010,3.439 $\pm$ 0.135,0.643 $\pm$ 0.025,0.803 $\pm$ 0.032,66 $\pm$ 0.099,0.833 $\pm$ 0.206,1
3392,3,52421.23678,52421.24898,1054,0.028 $\pm$ 0.005,0.029 $\pm$ 0.010,2.025 $\pm$ 0.027,1.921 $\pm$ 0.025,2.401 $\pm$ 0.032,29 $\pm$ 0.148,1.900 $\pm$ 0.742,2
3393,1,52422.63721,52422.67529,3290,0.080 $\pm$ 0.005,0.355 $\pm$ 0.022,20.876 $\pm$ 0.088,6.345 $\pm$ 0.027,7.929 $\pm$ 0.036,264 $\pm$ 1.294,1.779 $\pm$ 0.228,2
3393,2,52423.24197,52423.30094,5095,0.031 $\pm$ 0.003,0.101 $\pm$ 0.016,11.210 $\pm$ 0.136,2.200 $\pm$ 0.027,2.749 $\pm$ 0.034,158 $\pm$ 0.395,2.038 $\pm$ 0.345,2
3393,3,52423.78165,52423.79361,1033,0.057 $\pm$ 0.007,0.079 $\pm$ 0.015,4.543 $\pm$ 0.028,4.396 $\pm$ 0.027,5.494 $\pm$ 0.034,59 $\pm$ 0.437,1.458 $\pm$ 0.386,1
4684,1,53193.14340,53193.16272,1669,0.067 $\pm$ 0.006,0.134 $\pm$ 0.018,8.504 $\pm$ 0.061,5.094 $\pm$ 0.036,6.366 $\pm$ 0.047,111 $\pm$ 0.699,1.921 $\pm$ 0.384,2
5952,1,53581.08914,53581.15574,5754,0.017 $\pm$ 0.002,0.040 $\pm$ 0.011,5.772 $\pm$ 0.234,1.003 $\pm$ 0.041,1.254 $\pm$ 0.051,97 $\pm$ 0.165,0.940 $\pm$ 0.191,2
5953,1,53581.92696,53581.95554,2469,0.042 $\pm$ 0.004,0.089 $\pm$ 0.016,7.704 $\pm$ 0.078,3.121 $\pm$ 0.031,3.900 $\pm$ 0.040,104 $\pm$ 0.426,1.311 $\pm$ 0.259,2
6363,1,53933.24903,53933.28037,2707,0.056 $\pm$ 0.005,0.138 $\pm$ 0.018,11.664 $\pm$ 0.105,4.308 $\pm$ 0.039,5.384 $\pm$ 0.049,151 $\pm$ 0.680,2.595 $\pm$ 0.471,1
9173,1,54673.90631,54674.04200,11724,0.009 $\pm$ 0.001,0.030 $\pm$ 0.010,4.955 $\pm$ 0.462,0.423 $\pm$ 0.039,0.528 $\pm$ 0.049,101 $\pm$ 0.091,1.463 $\pm$ 0.297,1
10556,1,54969.11579,54969.12966,1198,0.041 $\pm$ 0.006,0.059 $\pm$ 0.013,3.593 $\pm$ 0.035,2.999 $\pm$ 0.029,3.747 $\pm$ 0.037,49 $\pm$ 0.284,1.450 $\pm$ 0.421,1
10556,2,54969.40842,54969.45006,3598,0.024 $\pm$ 0.003,0.049 $\pm$ 0.012,5.727 $\pm$ 0.104,1.592 $\pm$ 0.029,1.989 $\pm$ 0.036,87 $\pm$ 0.226,1.231 $\pm$ 0.265,1
10556,3,54969.96547,54969.98552,1732,0.091 $\pm$ 0.007,0.179 $\pm$ 0.019,12.449 $\pm$ 0.050,7.187 $\pm$ 0.029,8.981 $\pm$ 0.039,157 $\pm$ 1.130,2.568 $\pm$ 0.456,1
10556,4,54970.04082,54970.04763,589,0.085 $\pm$ 0.012,0.120 $\pm$ 0.017,3.948 $\pm$ 0.017,6.704 $\pm$ 0.029,8.377 $\pm$ 0.039,50 $\pm$ 0.600,1.941 $\pm$ 0.580,2
11843,1,55329.15384,55329.19500,3556,0.104 $\pm$ 0.005,0.271 $\pm$ 0.021,29.322 $\pm$ 0.087,8.246 $\pm$ 0.025,10.305 $\pm$ 0.035,370 $\pm$ 1.998,2.162 $\pm$ 0.242,3
13016,1,55649.44899,55649.47268,2047,0.017 $\pm$ 0.003,0.022 $\pm$ 0.008,2.207 $\pm$ 0.084,1.078 $\pm$ 0.041,1.347 $\pm$ 0.051,34 $\pm$ 0.095,1.615 $\pm$ 0.570,1
14392,1,55966.43002,55966.45449,2114,0.021 $\pm$ 0.003,0.039 $\pm$ 0.011,3.481 $\pm$ 0.134,1.646 $\pm$ 0.063,2.057 $\pm$ 0.079,45 $\pm$ 0.144,1.474 $\pm$ 0.253,1
14392,2,55966.59864,55966.66394,5642,0.132 $\pm$ 0.005,0.374 $\pm$ 0.029,82.819 $\pm$ 0.357,14.680 $\pm$ 0.063,18.345 $\pm$ 0.084,744 $\pm$ 3.571,1.913 $\pm$ 0.125,3
13857,1,56003.66968,56003.67605,550,0.035 $\pm$ 0.008,0.047 $\pm$ 0.012,1.785 $\pm$ 0.035,3.247 $\pm$ 0.063,4.058 $\pm$ 0.079,19 $\pm$ 0.150,2.643 $\pm$ 0.829,1
13854,1,56006.48690,56006.49464,669,0.052 $\pm$ 0.009,0.058 $\pm$ 0.014,3.489 $\pm$ 0.082,5.214 $\pm$ 0.123,6.516 $\pm$ 0.154,35 $\pm$ 0.308,1.731 $\pm$ 0.426,1
13854,2,56006.52882,56006.53815,806,0.055 $\pm$ 0.008,0.066 $\pm$ 0.014,4.419 $\pm$ 0.099,5.484 $\pm$ 0.123,6.853 $\pm$ 0.154,44 $\pm$ 0.361,1.645 $\pm$ 0.375,1
13854,3,56006.58561,56006.59681,968,0.052 $\pm$ 0.007,0.070 $\pm$ 0.015,4.972 $\pm$ 0.119,5.139 $\pm$ 0.123,6.422 $\pm$ 0.154,50 $\pm$ 0.365,1.200 $\pm$ 0.257,1
13854,4,56006.68285,56006.68750,402,0.100 $\pm$ 0.016,0.107 $\pm$ 0.018,4.331 $\pm$ 0.049,10.772 $\pm$ 0.123,13.461 $\pm$ 0.155,40 $\pm$ 0.628,1.370 $\pm$ 0.347,1
13847,1,56048.51526,56048.55282,3245,0.024 $\pm$ 0.003,0.043 $\pm$ 0.012,6.562 $\pm$ 0.110,2.022 $\pm$ 0.034,2.527 $\pm$ 0.042,77 $\pm$ 0.208,1.655 $\pm$ 0.225,2
14427,1,56054.10112,56054.15898,4999,0.020 $\pm$ 0.002,0.035 $\pm$ 0.011,8.227 $\pm$ 0.274,1.646 $\pm$ 0.055,2.057 $\pm$ 0.069,99 $\pm$ 0.198,1.593 $\pm$ 0.183,1
14427,2,56054.47212,56054.49750,2192,0.019 $\pm$ 0.003,0.035 $\pm$ 0.011,3.323 $\pm$ 0.120,1.516 $\pm$ 0.055,1.894 $\pm$ 0.069,41 $\pm$ 0.119,1.544 $\pm$ 0.262,1
13849,1,56060.14216,56060.17036,2436,0.055 $\pm$ 0.005,0.077 $\pm$ 0.016,13.521 $\pm$ 0.060,5.551 $\pm$ 0.025,6.936 $\pm$ 0.033,133 $\pm$ 0.625,1.845 $\pm$ 0.250,2
13845,1,56067.86922,56068.03139,14011,0.017 $\pm$ 0.001,0.109 $\pm$ 0.018,17.473 $\pm$ 0.379,1.247 $\pm$ 0.027,1.558 $\pm$ 0.034,238 $\pm$ 0.262,1.442 $\pm$ 0.098,1
13853,1,56122.26092,56122.26872,674,0.025 $\pm$ 0.006,0.028 $\pm$ 0.010,1.573 $\pm$ 0.025,2.334 $\pm$ 0.038,2.917 $\pm$ 0.047,17 $\pm$ 0.104,2.063 $\pm$ 0.628,1
14465,1,56126.98119,56127.03307,4482,0.019 $\pm$ 0.002,0.040 $\pm$ 0.011,6.944 $\pm$ 0.256,1.549 $\pm$ 0.057,1.936 $\pm$ 0.072,85 $\pm$ 0.178,1.854 $\pm$ 0.235,1
14465,2,56127.18193,56127.20803,2255,0.018 $\pm$ 0.003,0.033 $\pm$ 0.010,3.286 $\pm$ 0.129,1.457 $\pm$ 0.057,1.821 $\pm$ 0.072,41 $\pm$ 0.115,1.434 $\pm$ 0.257,1
14466,1,56128.55541,56128.55988,386,0.070 $\pm$ 0.014,0.081 $\pm$ 0.016,2.862 $\pm$ 0.018,7.408 $\pm$ 0.047,9.258 $\pm$ 0.061,27 $\pm$ 0.365,1.238 $\pm$ 0.363,1
13842,1,56130.19184,56130.22941,3246,0.038 $\pm$ 0.003,0.061 $\pm$ 0.014,11.991 $\pm$ 0.127,3.694 $\pm$ 0.039,4.616 $\pm$ 0.050,123 $\pm$ 0.418,1.289 $\pm$ 0.161,1
13842,2,56130.91328,56130.92399,925,0.055 $\pm$ 0.008,0.077 $\pm$ 0.016,5.296 $\pm$ 0.036,5.726 $\pm$ 0.039,7.156 $\pm$ 0.050,51 $\pm$ 0.393,1.474 $\pm$ 0.310,2
13842,3,56131.49880,56131.58747,7661,0.022 $\pm$ 0.002,0.043 $\pm$ 0.012,13.768 $\pm$ 0.301,1.797 $\pm$ 0.039,2.246 $\pm$ 0.049,167 $\pm$ 0.284,1.860 $\pm$ 0.176,2
13839,1,56132.39352,56132.40343,856,0.048 $\pm$ 0.008,0.057 $\pm$ 0.014,4.162 $\pm$ 0.022,4.863 $\pm$ 0.026,6.077 $\pm$ 0.034,41 $\pm$ 0.307,2.440 $\pm$ 0.579,1
13839,2,56134.00587,56134.04151,3080,0.086 $\pm$ 0.005,0.161 $\pm$ 0.022,28.705 $\pm$ 0.080,9.321 $\pm$ 0.026,11.648 $\pm$ 0.037,264 $\pm$ 1.399,1.942 $\pm$ 0.204,2
14432,1,56138.56140,56138.61387,4534,0.014 $\pm$ 0.002,0.021 $\pm$ 0.008,4.034 $\pm$ 0.161,0.890 $\pm$ 0.036,1.112 $\pm$ 0.045,61 $\pm$ 0.104,1.640 $\pm$ 0.208,1
14432,2,56139.37835,56139.42095,3681,0.051 $\pm$ 0.004,0.114 $\pm$ 0.019,19.713 $\pm$ 0.131,5.355 $\pm$ 0.036,6.692 $\pm$ 0.046,189 $\pm$ 0.699,1.762 $\pm$ 0.193,2
13838,1,56141.01729,56141.05250,3042,0.054 $\pm$ 0.004,0.144 $\pm$ 0.021,16.896 $\pm$ 0.109,5.554 $\pm$ 0.036,6.941 $\pm$ 0.046,164 $\pm$ 0.689,1.669 $\pm$ 0.192,2
13852,1,56143.32153,56143.33560,1216,0.049 $\pm$ 0.006,0.073 $\pm$ 0.015,6.053 $\pm$ 0.041,4.980 $\pm$ 0.034,6.223 $\pm$ 0.043,60 $\pm$ 0.384,1.952 $\pm$ 0.370,1
13852,2,56144.33407,56144.35402,1724,0.024 $\pm$ 0.004,0.028 $\pm$ 0.010,3.506 $\pm$ 0.058,2.033 $\pm$ 0.034,2.541 $\pm$ 0.043,42 $\pm$ 0.160,2.154 $\pm$ 0.417,1
14439,1,56147.13663,56147.15099,1241,0.027 $\pm$ 0.005,0.035 $\pm$ 0.011,3.071 $\pm$ 0.037,2.475 $\pm$ 0.029,3.093 $\pm$ 0.037,34 $\pm$ 0.160,2.080 $\pm$ 0.506,1
14462,1,56207.17827,56207.18923,947,0.032 $\pm$ 0.006,0.039 $\pm$ 0.011,2.825 $\pm$ 0.031,2.983 $\pm$ 0.032,3.728 $\pm$ 0.041,30 $\pm$ 0.174,1.810 $\pm$ 0.492,1
14462,2,56208.18553,56208.21601,2634,0.026 $\pm$ 0.003,0.054 $\pm$ 0.013,6.037 $\pm$ 0.085,2.292 $\pm$ 0.032,2.865 $\pm$ 0.041,68 $\pm$ 0.211,1.562 $\pm$ 0.234,1
14463,1,56216.23805,56216.24412,525,0.116 $\pm$ 0.015,0.094 $\pm$ 0.017,6.744 $\pm$ 0.041,12.856 $\pm$ 0.078,16.066 $\pm$ 0.101,61 $\pm$ 0.909,2.033 $\pm$ 0.453,1
13851,1,56217.81226,56217.87427,5358,0.076 $\pm$ 0.004,0.221 $\pm$ 0.025,44.509 $\pm$ 0.191,8.307 $\pm$ 0.036,10.381 $\pm$ 0.048,408 $\pm$ 1.550,1.841 $\pm$ 0.152,3
13843,1,56223.37822,56223.47283,8174,0.033 $\pm$ 0.002,0.131 $\pm$ 0.020,25.383 $\pm$ 0.317,3.105 $\pm$ 0.039,3.881 $\pm$ 0.049,269 $\pm$ 0.538,1.672 $\pm$ 0.139,2
15570,1,56225.23011,56225.25830,2436,0.032 $\pm$ 0.004,0.076 $\pm$ 0.016,7.455 $\pm$ 12.728,3.061 $\pm$ 5.226,3.825 $\pm$ 6.531,78 $\pm$ 0.281,1.672 $\pm$ 0.271,2
14468,1,56230.29400,56230.33455,3504,0.024 $\pm$ 0.003,0.047 $\pm$ 0.012,7.585 $\pm$ 0.097,2.165 $\pm$ 0.028,2.705 $\pm$ 0.035,85 $\pm$ 0.221,2.000 $\pm$ 0.277,2
14468,2,56231.56425,56231.58946,2178,0.030 $\pm$ 0.004,0.055 $\pm$ 0.013,6.266 $\pm$ 0.061,2.877 $\pm$ 0.028,3.595 $\pm$ 0.035,66 $\pm$ 0.244,1.603 $\pm$ 0.268,2
15041,1,56500.15073,56500.16278,1042,0.031 $\pm$ 0.006,0.040 $\pm$ 0.013,2.302 $\pm$ 0.052,2.210 $\pm$ 0.050,2.762 $\pm$ 0.063,32 $\pm$ 0.186,1.056 $\pm$ 0.347,1
15041,2,56500.46496,56500.47422,800,0.029 $\pm$ 0.007,0.038 $\pm$ 0.013,1.649 $\pm$ 0.040,2.061 $\pm$ 0.050,2.576 $\pm$ 0.063,23 $\pm$ 0.151,2.000 $\pm$ 0.816,1
15042,1,56516.35777,56516.48754,11212,0.016 $\pm$ 0.001,0.049 $\pm$ 0.014,10.867 $\pm$ 0.478,0.969 $\pm$ 0.043,1.211 $\pm$ 0.053,179 $\pm$ 0.232,0.974 $\pm$ 0.130,1
15043,1,56549.08525,56549.14935,5538,0.501 $\pm$ 0.010,1.901 $\pm$ 0.062,230.797 $\pm$ 0.233,41.674 $\pm$ 0.042,52.079 $\pm$ 0.098,2775 $\pm$ 26.363,1.731 $\pm$ 0.068,3
14944,1,56555.46190,56555.48542,2033,0.018 $\pm$ 0.003,0.035 $\pm$ 0.012,2.276 $\pm$ 0.138,1.120 $\pm$ 0.068,1.399 $\pm$ 0.085,36 $\pm$ 0.118,0.957 $\pm$ 0.285,1
14943,1,56582.66656,56582.67927,1098,0.020 $\pm$ 0.005,0.029 $\pm$ 0.011,1.374 $\pm$ 0.060,1.251 $\pm$ 0.054,1.563 $\pm$ 0.068,22 $\pm$ 0.100,0.786 $\pm$ 0.317,1
15045,1,56593.67151,56593.69812,2299,0.030 $\pm$ 0.004,0.041 $\pm$ 0.013,4.713 $\pm$ 0.098,2.050 $\pm$ 0.043,2.562 $\pm$ 0.053,68 $\pm$ 0.251,1.176 $\pm$ 0.274,1
15045,2,56593.82750,56593.83845,946,0.028 $\pm$ 0.006,0.041 $\pm$ 0.013,1.817 $\pm$ 0.040,1.920 $\pm$ 0.043,2.400 $\pm$ 0.053,26 $\pm$ 0.151,1.636 $\pm$ 0.626,1
16508,1,56710.02156,56710.04671,2173,0.021 $\pm$ 0.003,0.040 $\pm$ 0.012,3.037 $\pm$ 0.066,1.397 $\pm$ 0.030,1.746 $\pm$ 0.038,45 $\pm$ 0.145,2.769 $\pm$ 0.896,1
16217,1,56899.48990,56899.54752,4978,0.017 $\pm$ 0.002,0.039 $\pm$ 0.012,5.547 $\pm$ 0.204,1.114 $\pm$ 0.041,1.393 $\pm$ 0.051,87 $\pm$ 0.165,1.136 $\pm$ 0.235,2
16218,1,56950.55216,56950.62667,6437,0.126 $\pm$ 0.004,0.633 $\pm$ 0.044,65.747 $\pm$ 0.316,10.213 $\pm$ 0.049,12.763 $\pm$ 0.065,811 $\pm$ 3.568,1.511 $\pm$ 0.108,3
16963,1,57066.24917,57066.25923,869,0.045 $\pm$ 0.007,0.059 $\pm$ 0.015,2.976 $\pm$ 0.040,3.425 $\pm$ 0.046,4.281 $\pm$ 0.058,39 $\pm$ 0.285,2.333 $\pm$ 0.805,1
16966,1,57156.50785,57156.54187,2940,0.056 $\pm$ 0.004,0.143 $\pm$ 0.022,12.502 $\pm$ 0.183,4.252 $\pm$ 0.062,5.314 $\pm$ 0.078,164 $\pm$ 0.722,1.412 $\pm$ 0.224,2
18055,1,57431.50678,57431.55217,3922,0.042 $\pm$ 0.003,0.119 $\pm$ 0.021,11.337 $\pm$ 0.288,2.891 $\pm$ 0.073,3.612 $\pm$ 0.092,166 $\pm$ 0.548,1.101 $\pm$ 0.171,2
18055,2,57431.65013,57431.67533,2178,0.083 $\pm$ 0.006,0.131 $\pm$ 0.021,13.690 $\pm$ 0.160,6.286 $\pm$ 0.073,7.856 $\pm$ 0.093,180 $\pm$ 1.116,1.368 $\pm$ 0.207,2
18731,1,57581.95206,57581.96252,904,0.035 $\pm$ 0.006,0.064 $\pm$ 0.015,2.276 $\pm$ 0.021,2.519 $\pm$ 0.024,3.147 $\pm$ 0.030,32 $\pm$ 0.202,1.462 $\pm$ 0.526,1
18732,1,57587.62798,57587.65766,2564,0.022 $\pm$ 0.003,0.045 $\pm$ 0.013,3.709 $\pm$ 0.057,1.447 $\pm$ 0.022,1.808 $\pm$ 0.028,57 $\pm$ 0.165,1.036 $\pm$ 0.274,2
20041,1,57854.35452,57854.38099,2287,0.101 $\pm$ 0.007,0.171 $\pm$ 0.024,18.009 $\pm$ 0.127,7.875 $\pm$ 0.055,9.841 $\pm$ 0.071,230 $\pm$ 1.518,1.255 $\pm$ 0.167,2
19703,1,57949.96065,57950.01401,4610,0.013 $\pm$ 0.002,0.026 $\pm$ 0.010,3.357 $\pm$ 0.122,0.728 $\pm$ 0.026,0.910 $\pm$ 0.033,61 $\pm$ 0.104,0.968 $\pm$ 0.248,1
19703,2,57950.55188,57950.56589,1210,0.033 $\pm$ 0.005,0.049 $\pm$ 0.013,2.901 $\pm$ 0.032,2.398 $\pm$ 0.026,2.997 $\pm$ 0.033,40 $\pm$ 0.208,1.500 $\pm$ 0.484,1
20346,1,58232.20941,58232.24803,3336,0.116 $\pm$ 0.006,0.323 $\pm$ 0.033,31.448 $\pm$ 0.116,9.426 $\pm$ 0.035,11.779 $\pm$ 0.047,388 $\pm$ 2.289,1.296 $\pm$ 0.133,2
21454,1,58572.24991,58572.26526,1326,0.106 $\pm$ 0.009,0.218 $\pm$ 0.027,11.044 $\pm$ 0.070,8.327 $\pm$ 0.053,10.405 $\pm$ 0.068,140 $\pm$ 1.246,1.692 $\pm$ 0.296,2
21454,2,58572.45978,58572.47792,1568,0.044 $\pm$ 0.005,0.122 $\pm$ 0.021,4.930 $\pm$ 0.083,3.145 $\pm$ 0.053,3.930 $\pm$ 0.067,69 $\pm$ 0.366,1.654 $\pm$ 0.411,1
21456,1,58574.47617,58574.49311,1464,0.031 $\pm$ 0.005,0.052 $\pm$ 0.014,3.258 $\pm$ 0.056,2.226 $\pm$ 0.039,2.781 $\pm$ 0.048,46 $\pm$ 0.212,1.300 $\pm$ 0.387,2
22230,1,58682.13507,58682.14852,1162,0.064 $\pm$ 0.007,0.115 $\pm$ 0.020,5.689 $\pm$ 0.045,4.894 $\pm$ 0.038,6.116 $\pm$ 0.049,74 $\pm$ 0.548,0.850 $\pm$ 0.198,1
20446,1,58685.07776,58685.08549,668,0.033 $\pm$ 0.007,0.040 $\pm$ 0.012,1.542 $\pm$ 0.018,2.308 $\pm$ 0.028,2.884 $\pm$ 0.035,22 $\pm$ 0.154,0.833 $\pm$ 0.357,1
20751,1,58715.15696,58715.22626,5987,0.193 $\pm$ 0.006,0.897 $\pm$ 0.049,94.743 $\pm$ 0.274,15.825 $\pm$ 0.046,19.776 $\pm$ 0.065,1154 $\pm$ 6.578,1.542 $\pm$ 0.093,3
22937,1,59082.23769,59082.31480,6658,0.017 $\pm$ 0.002,0.037 $\pm$ 0.011,6.845 $\pm$ 0.261,1.028 $\pm$ 0.039,1.285 $\pm$ 0.049,112 $\pm$ 0.179,1.383 $\pm$ 0.265,2
23665,1,59314.35258,59314.37416,1865,0.031 $\pm$ 0.004,0.049 $\pm$ 0.013,3.989 $\pm$ 0.088,2.139 $\pm$ 0.047,2.673 $\pm$ 0.059,58 $\pm$ 0.238,1.148 $\pm$ 0.302,1
23666,1,59315.56742,59315.57510,664,0.030 $\pm$ 0.007,0.044 $\pm$ 0.013,1.380 $\pm$ 0.026,2.079 $\pm$ 0.040,2.598 $\pm$ 0.050,20 $\pm$ 0.134,1.857 $\pm$ 0.871,1
22592,1,59357.20331,59357.26016,4911,0.026 $\pm$ 0.002,0.085 $\pm$ 0.017,8.142 $\pm$ 0.335,1.658 $\pm$ 0.068,2.072 $\pm$ 0.085,127 $\pm$ 0.292,1.190 $\pm$ 0.212,2
22594,1,59385.11815,59385.19229,6406,0.050 $\pm$ 0.003,0.206 $\pm$ 0.027,24.980 $\pm$ 0.318,3.900 $\pm$ 0.050,4.873 $\pm$ 0.063,319 $\pm$ 0.893,1.185 $\pm$ 0.133,2
22595,1,59386.01508,59386.02591,936,0.093 $\pm$ 0.010,0.139 $\pm$ 0.022,6.542 $\pm$ 0.110,6.990 $\pm$ 0.117,8.735 $\pm$ 0.147,87 $\pm$ 0.870,1.231 $\pm$ 0.265,2
22595,2,59386.08527,59386.11595,2650,0.046 $\pm$ 0.004,0.089 $\pm$ 0.017,7.970 $\pm$ 0.311,3.007 $\pm$ 0.117,3.758 $\pm$ 0.147,121 $\pm$ 0.508,1.241 $\pm$ 0.227,2
22595,3,59386.13127,59386.18571,4703,0.094 $\pm$ 0.005,0.260 $\pm$ 0.029,33.110 $\pm$ 0.551,7.040 $\pm$ 0.117,8.797 $\pm$ 0.147,440 $\pm$ 1.980,1.245 $\pm$ 0.119,3
23739,1,59425.00191,59425.04771,3957,0.093 $\pm$ 0.005,0.500 $\pm$ 0.038,29.211 $\pm$ 0.187,7.382 $\pm$ 0.047,9.226 $\pm$ 0.061,369 $\pm$ 1.808,1.580 $\pm$ 0.169,2
25297,1,59658.33743,59658.41349,6572,0.015 $\pm$ 0.002,0.040 $\pm$ 0.012,5.552 $\pm$ 0.365,0.845 $\pm$ 0.056,1.056 $\pm$ 0.069,95 $\pm$ 0.142,0.939 $\pm$ 0.193,1
26759,1,60052.43554,60052.45941,2063,0.017 $\pm$ 0.003,0.030 $\pm$ 0.010,1.987 $\pm$ 0.104,0.963 $\pm$ 0.050,1.204 $\pm$ 0.063,34 $\pm$ 0.095,0.700 $\pm$ 0.244,1
26760,1,60054.41417,60054.46763,4619,0.031 $\pm$ 0.003,0.044 $\pm$ 0.013,9.824 $\pm$ 0.220,2.127 $\pm$ 0.048,2.658 $\pm$ 0.060,143 $\pm$ 0.372,1.043 $\pm$ 0.174,2
28231,1,60408.56644,60408.57686,900,0.035 $\pm$ 0.006,0.042 $\pm$ 0.012,2.153 $\pm$ 0.041,2.393 $\pm$ 0.045,2.990 $\pm$ 0.057,31 $\pm$ 0.192,1.214 $\pm$ 0.438,1
31022,1,60899.13586,60899.15851,1957,0.026 $\pm$ 0.004,0.044 $\pm$ 0.013,3.335 $\pm$ 0.081,1.704 $\pm$ 0.041,2.129 $\pm$ 0.052,51 $\pm$ 0.184,0.700 $\pm$ 0.199,1