obs_id,flare_number,start_mjd,end_mjd,duration_s,,rate_mean,rate_mean_err,,rate_max,rate_max_err,,energy_1e37erg,energy_err,,luminosity_1e34,luminosity_err,,flux_1e_minus12,flux_err,,fluence_ct,fluence_err,,hardness_ratio,hardness_ratio_err
16508,1,56710.02156,56710.04671,2173,0.021 $\pm$ 0.003,0.021,0.0032,0.040 $\pm$ 0.012,0.0396,0.0122,3.037 $\pm$ 0.066,3.0366,0.066,1.397 $\pm$ 0.030,1.3972,0.0304,1.746 $\pm$ 0.038,1.746,0.0381,45 $\pm$ 0.145,45.3804,0.14521728,2.769 $\pm$ 0.896,2.769230769,0.8960541631
16966,1,57156.50785,57156.54187,2940,0.056 $\pm$ 0.004,0.056,0.0044,0.143 $\pm$ 0.022,0.1427,0.0224,12.502 $\pm$ 0.183,12.5015,0.1834,4.252 $\pm$ 0.062,4.2524,0.0624,5.314 $\pm$ 0.078,5.3141,0.0784,164 $\pm$ 0.722,164,0.7216,1.412 $\pm$ 0.224,1.411764706,0.2237660376
28231,1,60408.56644,60408.57686,900,0.035 $\pm$ 0.006,0.035,0.0062,0.042 $\pm$ 0.012,0.0415,0.012,2.153 $\pm$ 0.041,2.153,0.0407,2.393 $\pm$ 0.045,2.3927,0.0453,2.990 $\pm$ 0.057,2.99,0.0568,31 $\pm$ 0.192,31.001,0.1922062,1.214 $\pm$ 0.438,1.214285714,0.4382412504
14462,1,56207.17827,56207.18923,947,0.032 $\pm$ 0.006,0.032,0.0058,0.039 $\pm$ 0.011,0.0389,0.0112,2.825 $\pm$ 0.031,2.8246,0.0305,2.983 $\pm$ 0.032,2.9832,0.0322,3.728 $\pm$ 0.041,3.728,0.0407,30 $\pm$ 0.174,29.9992,0.17399536,1.810 $\pm$ 0.492,1.80952381,0.4920269169
14462,2,56208.18553,56208.21601,2634,0.026 $\pm$ 0.003,0.026,0.0031,0.054 $\pm$ 0.013,0.0537,0.0131,6.037 $\pm$ 0.085,6.0369,0.0848,2.292 $\pm$ 0.032,2.2923,0.0322,2.865 $\pm$ 0.041,2.8646,0.0405,68 $\pm$ 0.211,68.0006,0.21080186,1.562 $\pm$ 0.234,1.561643836,0.2340932757
26759,1,60052.43554,60052.45941,2063,0.017 $\pm$ 0.003,0.017,0.0028,0.030 $\pm$ 0.010,0.0297,0.0102,1.987 $\pm$ 0.104,1.9867,0.104,0.963 $\pm$ 0.050,0.9632,0.0504,1.204 $\pm$ 0.063,1.2037,0.063,34 $\pm$ 0.095,34.0004,0.09520112,0.700 $\pm$ 0.244,0.7,0.2439262184
13016,1,55649.44899,55649.47268,2047,0.017 $\pm$ 0.003,0.017,0.0028,0.022 $\pm$ 0.008,0.022,0.0083,2.207 $\pm$ 0.084,2.2067,0.084,1.078 $\pm$ 0.041,1.0782,0.041,1.347 $\pm$ 0.051,1.3474,0.0513,34 $\pm$ 0.095,33.9994,0.09519832,1.615 $\pm$ 0.570,1.615384615,0.5700777323
14465,1,56126.98119,56127.03307,4482,0.019 $\pm$ 0.002,0.019,0.0021,0.040 $\pm$ 0.011,0.0398,0.0112,6.944 $\pm$ 0.256,6.9439,0.2561,1.549 $\pm$ 0.057,1.5493,0.0571,1.936 $\pm$ 0.072,1.9361,0.0715,85 $\pm$ 0.178,84.9995,0.17849895,1.854 $\pm$ 0.235,1.854166667,0.2347893714
14465,2,56127.18193,56127.20803,2255,0.018 $\pm$ 0.003,0.018,0.0028,0.033 $\pm$ 0.010,0.0325,0.0101,3.286 $\pm$ 0.129,3.2855,0.1289,1.457 $\pm$ 0.057,1.4569,0.0571,1.821 $\pm$ 0.072,1.8206,0.0715,41 $\pm$ 0.115,40.9995,0.1147986,1.434 $\pm$ 0.257,1.433962264,0.2566184319
14439,1,56147.13663,56147.15099,1241,0.027 $\pm$ 0.005,0.027,0.0047,0.035 $\pm$ 0.011,0.0348,0.0107,3.071 $\pm$ 0.037,3.071,0.0365,2.475 $\pm$ 0.029,2.4754,0.0294,3.093 $\pm$ 0.037,3.0934,0.0371,34 $\pm$ 0.160,34.0011,0.15980517,2.080 $\pm$ 0.506,2.08,0.5062173446
13849,1,56060.14216,56060.17036,2436,0.055 $\pm$ 0.005,0.055,0.0047,0.077 $\pm$ 0.016,0.0768,0.0155,13.521 $\pm$ 0.060,13.5212,0.0601,5.551 $\pm$ 0.025,5.5505,0.0247,6.936 $\pm$ 0.033,6.9363,0.0327,133 $\pm$ 0.625,133.0012,0.62510564,1.845 $\pm$ 0.250,1.845238095,0.2500033743
13847,1,56048.51526,56048.55282,3245,0.024 $\pm$ 0.003,0.024,0.0027,0.043 $\pm$ 0.012,0.0426,0.0117,6.562 $\pm$ 0.110,6.562,0.1096,2.022 $\pm$ 0.034,2.0222,0.0338,2.527 $\pm$ 0.042,2.5271,0.0424,77 $\pm$ 0.208,76.9992,0.20789784,1.655 $\pm$ 0.225,1.655172414,0.2247544799
26760,1,60054.41417,60054.46763,4619,0.031 $\pm$ 0.003,0.031,0.0026,0.044 $\pm$ 0.013,0.0437,0.0125,9.824 $\pm$ 0.220,9.8237,0.2195,2.127 $\pm$ 0.048,2.1268,0.0475,2.658 $\pm$ 0.060,2.6578,0.0595,143 $\pm$ 0.372,142.9998,0.37179948,1.043 $\pm$ 0.174,1.042857143,0.1744545853
14463,1,56216.23805,56216.24412,525,0.116 $\pm$ 0.015,0.116,0.0149,0.094 $\pm$ 0.017,0.0939,0.0169,6.744 $\pm$ 0.041,6.7436,0.0409,12.856 $\pm$ 0.078,12.8564,0.0779,16.066 $\pm$ 0.101,16.0662,0.1007,61 $\pm$ 0.909,61.0036,0.90895364,2.033 $\pm$ 0.453,2.033333333,0.4534231937
9173,1,54673.90631,54674.04200,11724,0.009 $\pm$ 0.001,0.009,0.0009,0.030 $\pm$ 0.010,0.0299,0.0095,4.955 $\pm$ 0.462,4.955,0.4621,0.423 $\pm$ 0.039,0.4227,0.0394,0.528 $\pm$ 0.049,0.5282,0.0493,101 $\pm$ 0.091,101,0.0909,1.463 $\pm$ 0.297,1.463414634,0.2965244623
20346,1,58232.20941,58232.24803,3336,0.116 $\pm$ 0.006,0.116,0.0059,0.323 $\pm$ 0.033,0.3229,0.0327,31.448 $\pm$ 0.116,31.4483,0.1159,9.426 $\pm$ 0.035,9.426,0.0347,11.779 $\pm$ 0.047,11.7794,0.0473,388 $\pm$ 2.289,388,2.2892,1.296 $\pm$ 0.133,1.295857988,0.1326807334
6363,1,53933.24903,53933.28037,2707,0.056 $\pm$ 0.005,0.056,0.0045,0.138 $\pm$ 0.018,0.1378,0.0179,11.664 $\pm$ 0.105,11.6636,0.1051,4.308 $\pm$ 0.039,4.308,0.0388,5.384 $\pm$ 0.049,5.3836,0.0492,151 $\pm$ 0.680,151,0.6795,2.595 $\pm$ 0.471,2.595238095,0.4713329343
21454,1,58572.24991,58572.26526,1326,0.106 $\pm$ 0.009,0.106,0.0089,0.218 $\pm$ 0.027,0.2176,0.0273,11.044 $\pm$ 0.070,11.0437,0.0703,8.327 $\pm$ 0.053,8.3265,0.053,10.405 $\pm$ 0.068,10.4054,0.0683,140 $\pm$ 1.246,140,1.246,1.692 $\pm$ 0.296,1.692307692,0.2960058802
21454,2,58572.45978,58572.47792,1568,0.044 $\pm$ 0.005,0.044,0.0053,0.122 $\pm$ 0.021,0.122,0.0208,4.930 $\pm$ 0.083,4.9301,0.0831,3.145 $\pm$ 0.053,3.1449,0.053,3.930 $\pm$ 0.067,3.9301,0.0666,69 $\pm$ 0.366,69,0.3657,1.654 $\pm$ 0.411,1.653846154,0.4108646256
10556,1,54969.11579,54969.12966,1198,0.041 $\pm$ 0.006,0.041,0.0058,0.059 $\pm$ 0.013,0.0585,0.0131,3.593 $\pm$ 0.035,3.5933,0.0347,2.999 $\pm$ 0.029,2.9985,0.029,3.747 $\pm$ 0.037,3.7471,0.0367,49 $\pm$ 0.284,49.0002,0.28420116,1.450 $\pm$ 0.421,1.45,0.4214558103
10556,2,54969.40842,54969.45006,3598,0.024 $\pm$ 0.003,0.024,0.0026,0.049 $\pm$ 0.012,0.0494,0.0122,5.727 $\pm$ 0.104,5.7265,0.1043,1.592 $\pm$ 0.029,1.5915,0.029,1.989 $\pm$ 0.036,1.9888,0.0364,87 $\pm$ 0.226,86.9999,0.22619974,1.231 $\pm$ 0.265,1.230769231,0.2653281534
10556,3,54969.96547,54969.98552,1732,0.091 $\pm$ 0.007,0.091,0.0072,0.179 $\pm$ 0.019,0.1785,0.0194,12.449 $\pm$ 0.050,12.4492,0.0502,7.187 $\pm$ 0.029,7.1865,0.029,8.981 $\pm$ 0.039,8.9807,0.0389,157 $\pm$ 1.130,156.9966,1.13037552,2.568 $\pm$ 0.456,2.568181818,0.4563625868
10556,4,54970.04082,54970.04763,589,0.085 $\pm$ 0.012,0.085,0.012,0.120 $\pm$ 0.017,0.1203,0.0172,3.948 $\pm$ 0.017,3.9484,0.0171,6.704 $\pm$ 0.029,6.7037,0.029,8.377 $\pm$ 0.039,8.3774,0.0386,50 $\pm$ 0.600,50.0016,0.6000192,1.941 $\pm$ 0.580,1.941176471,0.5795202154
18732,1,57587.62798,57587.65766,2564,0.022 $\pm$ 0.003,0.022,0.0029,0.045 $\pm$ 0.013,0.0445,0.0127,3.709 $\pm$ 0.057,3.7091,0.0569,1.447 $\pm$ 0.022,1.4468,0.0222,1.808 $\pm$ 0.028,1.8081,0.0279,57 $\pm$ 0.165,56.9992,0.16529768,1.036 $\pm$ 0.274,1.035714286,0.2744096499
4684,1,53193.14340,53193.16272,1669,0.067 $\pm$ 0.006,0.067,0.0063,0.134 $\pm$ 0.018,0.134,0.0179,8.504 $\pm$ 0.061,8.5037,0.0608,5.094 $\pm$ 0.036,5.0938,0.0364,6.366 $\pm$ 0.047,6.3655,0.0466,111 $\pm$ 0.699,111.0015,0.69930945,1.921 $\pm$ 0.384,1.921052632,0.3842797722
15041,1,56500.15073,56500.16278,1042,0.031 $\pm$ 0.006,0.031,0.0058,0.040 $\pm$ 0.013,0.0404,0.0127,2.302 $\pm$ 0.052,2.3023,0.0523,2.210 $\pm$ 0.050,2.2103,0.0502,2.762 $\pm$ 0.063,2.7622,0.0628,32 $\pm$ 0.186,32.0982,0.18616956,1.056 $\pm$ 0.347,1.055555556,0.3471913567
15041,2,56500.46496,56500.47422,800,0.029 $\pm$ 0.007,0.029,0.0065,0.038 $\pm$ 0.013,0.0383,0.0127,1.649 $\pm$ 0.040,1.649,0.0401,2.061 $\pm$ 0.050,2.0613,0.0502,2.576 $\pm$ 0.063,2.5759,0.0628,23 $\pm$ 0.151,23.2356,0.1510314,2.000 $\pm$ 0.816,2,0.8164965809
11843,1,55329.15384,55329.19500,3556,0.104 $\pm$ 0.005,0.104,0.0054,0.271 $\pm$ 0.021,0.2705,0.0214,29.322 $\pm$ 0.087,29.3224,0.087,8.246 $\pm$ 0.025,8.2462,0.0245,10.305 $\pm$ 0.035,10.305,0.0347,370 $\pm$ 1.998,370.004,1.9980216,2.162 $\pm$ 0.242,2.162393162,0.2417588215
22230,1,58682.13507,58682.14852,1162,0.064 $\pm$ 0.007,0.064,0.0074,0.115 $\pm$ 0.020,0.1147,0.0201,5.689 $\pm$ 0.045,5.689,0.0445,4.894 $\pm$ 0.038,4.8944,0.0383,6.116 $\pm$ 0.049,6.1164,0.0489,74 $\pm$ 0.548,74.0026,0.54761924,0.850 $\pm$ 0.198,0.85,0.1982738006
31022,1,60899.13586,60899.15851,1957,0.026 $\pm$ 0.004,0.026,0.0036,0.044 $\pm$ 0.013,0.0436,0.0125,3.335 $\pm$ 0.081,3.3346,0.0811,1.704 $\pm$ 0.041,1.7037,0.0414,2.129 $\pm$ 0.052,2.129,0.0519,51 $\pm$ 0.184,50.9995,0.1835982,0.700 $\pm$ 0.199,0.7,0.1991649233
23665,1,59314.35258,59314.37416,1865,0.031 $\pm$ 0.004,0.031,0.0041,0.049 $\pm$ 0.013,0.0489,0.0133,3.989 $\pm$ 0.088,3.989,0.0877,2.139 $\pm$ 0.047,2.1392,0.047,2.673 $\pm$ 0.059,2.6733,0.0589,58 $\pm$ 0.238,58.001,0.2378041,1.148 $\pm$ 0.302,1.148148148,0.302238091
13838,1,56141.01729,56141.05250,3042,0.054 $\pm$ 0.004,0.054,0.0042,0.144 $\pm$ 0.021,0.1439,0.0205,16.896 $\pm$ 0.109,16.8961,0.109,5.554 $\pm$ 0.036,5.5543,0.0358,6.941 $\pm$ 0.046,6.9411,0.0461,164 $\pm$ 0.689,164,0.6888,1.669 $\pm$ 0.192,1.669421488,0.1919105678
20446,1,58685.07776,58685.08549,668,0.033 $\pm$ 0.007,0.033,0.007,0.040 $\pm$ 0.012,0.0402,0.0122,1.542 $\pm$ 0.018,1.5424,0.0184,2.308 $\pm$ 0.028,2.3076,0.0275,2.884 $\pm$ 0.035,2.8838,0.0347,22 $\pm$ 0.154,22.0008,0.1540056,0.833 $\pm$ 0.357,0.8333333333,0.3568120161
13853,1,56122.26092,56122.26872,674,0.025 $\pm$ 0.006,0.025,0.0061,0.028 $\pm$ 0.010,0.0283,0.0096,1.573 $\pm$ 0.025,1.5726,0.0253,2.334 $\pm$ 0.038,2.3341,0.0376,2.917 $\pm$ 0.047,2.9168,0.0472,17 $\pm$ 0.104,16.9991,0.10369451,2.063 $\pm$ 0.628,2.0625,0.6283115395
13854,1,56006.48690,56006.49464,669,0.052 $\pm$ 0.009,0.052,0.0088,0.058 $\pm$ 0.014,0.0582,0.0135,3.489 $\pm$ 0.082,3.4886,0.0822,5.214 $\pm$ 0.123,5.214,0.1228,6.516 $\pm$ 0.154,6.5158,0.1538,35 $\pm$ 0.308,35.0008,0.30800704,1.731 $\pm$ 0.426,1.730769231,0.4263589748
13854,2,56006.52882,56006.53815,806,0.055 $\pm$ 0.008,0.055,0.0082,0.066 $\pm$ 0.014,0.0658,0.0143,4.419 $\pm$ 0.099,4.419,0.0989,5.484 $\pm$ 0.123,5.4842,0.1228,6.853 $\pm$ 0.154,6.8534,0.1538,44 $\pm$ 0.361,43.9985,0.3607877,1.645 $\pm$ 0.375,1.64516129,0.3746704772
13854,3,56006.58561,56006.59681,968,0.052 $\pm$ 0.007,0.052,0.0073,0.070 $\pm$ 0.015,0.0696,0.0147,4.972 $\pm$ 0.119,4.9723,0.1188,5.139 $\pm$ 0.123,5.1393,0.1228,6.422 $\pm$ 0.154,6.4224,0.1538,50 $\pm$ 0.365,49.9988,0.36499124,1.200 $\pm$ 0.257,1.2,0.2569046516
13854,4,56006.68285,56006.68750,402,0.100 $\pm$ 0.016,0.100,0.0157,0.107 $\pm$ 0.018,0.1069,0.0179,4.331 $\pm$ 0.049,4.3314,0.0494,10.772 $\pm$ 0.123,10.7718,0.1228,13.461 $\pm$ 0.155,13.4612,0.1549,40 $\pm$ 0.628,39.9975,0.62796075,1.370 $\pm$ 0.347,1.37037037,0.3468527984
19703,1,57949.96065,57950.01401,4610,0.013 $\pm$ 0.002,0.013,0.0017,0.026 $\pm$ 0.010,0.0261,0.0097,3.357 $\pm$ 0.122,3.3571,0.1219,0.728 $\pm$ 0.026,0.7282,0.0264,0.910 $\pm$ 0.033,0.9101,0.0331,61 $\pm$ 0.104,61.0005,0.10370085,0.968 $\pm$ 0.248,0.9677419355,0.247846622
19703,2,57950.55188,57950.56589,1210,0.033 $\pm$ 0.005,0.033,0.0052,0.049 $\pm$ 0.013,0.0488,0.0133,2.901 $\pm$ 0.032,2.9011,0.032,2.398 $\pm$ 0.026,2.3982,0.0264,2.997 $\pm$ 0.033,2.9969,0.0334,40 $\pm$ 0.208,39.9992,0.20799584,1.500 $\pm$ 0.484,1.5,0.4841229183
13839,1,56132.39352,56132.40343,856,0.048 $\pm$ 0.008,0.048,0.0075,0.057 $\pm$ 0.014,0.0571,0.0135,4.162 $\pm$ 0.022,4.1623,0.0221,4.863 $\pm$ 0.026,4.8632,0.0258,6.077 $\pm$ 0.034,6.0774,0.0337,41 $\pm$ 0.307,40.9981,0.30748575,2.440 $\pm$ 0.579,2.44,0.5794342068
13839,2,56134.00587,56134.04151,3080,0.086 $\pm$ 0.005,0.086,0.0053,0.161 $\pm$ 0.022,0.1609,0.0216,28.705 $\pm$ 0.080,28.7047,0.0795,9.321 $\pm$ 0.026,9.3208,0.0258,11.648 $\pm$ 0.037,11.6479,0.0372,264 $\pm$ 1.399,264.0012,1.39920636,1.942 $\pm$ 0.204,1.941605839,0.2041796668
20041,1,57854.35452,57854.38099,2287,0.101 $\pm$ 0.007,0.101,0.0066,0.171 $\pm$ 0.024,0.1711,0.0244,18.009 $\pm$ 0.127,18.0087,0.1266,7.875 $\pm$ 0.055,7.8752,0.0553,9.841 $\pm$ 0.071,9.8414,0.0709,230 $\pm$ 1.518,230,1.518,1.255 $\pm$ 0.167,1.254901961,0.1665592073
13852,1,56143.32153,56143.33560,1216,0.049 $\pm$ 0.006,0.049,0.0064,0.073 $\pm$ 0.015,0.0726,0.0151,6.053 $\pm$ 0.041,6.0534,0.0411,4.980 $\pm$ 0.034,4.98,0.0338,6.223 $\pm$ 0.043,6.2233,0.0434,60 $\pm$ 0.384,60.0011,0.38400704,1.952 $\pm$ 0.370,1.952380952,0.3704621417
13852,2,56144.33407,56144.35402,1724,0.024 $\pm$ 0.004,0.024,0.0038,0.028 $\pm$ 0.010,0.0278,0.0096,3.506 $\pm$ 0.058,3.5059,0.0583,2.033 $\pm$ 0.034,2.0333,0.0338,2.541 $\pm$ 0.043,2.5409,0.0425,42 $\pm$ 0.160,42.0003,0.15960114,2.154 $\pm$ 0.417,2.153846154,0.4173450705
14468,1,56230.29400,56230.33455,3504,0.024 $\pm$ 0.003,0.024,0.0026,0.047 $\pm$ 0.012,0.0468,0.0122,7.585 $\pm$ 0.097,7.5848,0.0972,2.165 $\pm$ 0.028,2.1649,0.0278,2.705 $\pm$ 0.035,2.7054,0.0349,85 $\pm$ 0.221,85.0002,0.22100052,2.000 $\pm$ 0.277,2,0.2773500981
14468,2,56231.56425,56231.58946,2178,0.030 $\pm$ 0.004,0.030,0.0037,0.055 $\pm$ 0.013,0.0546,0.0131,6.266 $\pm$ 0.061,6.2658,0.0605,2.877 $\pm$ 0.028,2.8767,0.0278,3.595 $\pm$ 0.035,3.5949,0.0351,66 $\pm$ 0.244,65.9992,0.24419704,1.603 $\pm$ 0.268,1.603448276,0.2682797899
22594,1,59385.11815,59385.19229,6406,0.050 $\pm$ 0.003,0.050,0.0028,0.206 $\pm$ 0.027,0.2062,0.0268,24.980 $\pm$ 0.318,24.9795,0.3178,3.900 $\pm$ 0.050,3.8996,0.0496,4.873 $\pm$ 0.063,4.8732,0.0625,319 $\pm$ 0.893,319,0.8932,1.185 $\pm$ 0.133,1.184931507,0.1331646983
14466,1,56128.55541,56128.55988,386,0.070 $\pm$ 0.014,0.070,0.0135,0.081 $\pm$ 0.016,0.0805,0.0158,2.862 $\pm$ 0.018,2.8617,0.0182,7.408 $\pm$ 0.047,7.4082,0.0472,9.258 $\pm$ 0.061,9.2577,0.0608,27 $\pm$ 0.365,27.0007,0.36450945,1.238 $\pm$ 0.363,1.238095238,0.3632508681
18055,1,57431.50678,57431.55217,3922,0.042 $\pm$ 0.003,0.042,0.0033,0.119 $\pm$ 0.021,0.1187,0.0205,11.337 $\pm$ 0.288,11.3374,0.288,2.891 $\pm$ 0.073,2.8907,0.0734,3.612 $\pm$ 0.092,3.6124,0.0919,166 $\pm$ 0.548,166,0.5478,1.101 $\pm$ 0.171,1.101265823,0.1711484749
18055,2,57431.65013,57431.67533,2178,0.083 $\pm$ 0.006,0.083,0.0062,0.131 $\pm$ 0.021,0.131,0.0214,13.690 $\pm$ 0.160,13.6902,0.1599,6.286 $\pm$ 0.073,6.2863,0.0734,7.856 $\pm$ 0.093,7.8558,0.0926,180 $\pm$ 1.116,180.0015,1.1160093,1.368 $\pm$ 0.207,1.368421053,0.2065059331
13845,1,56067.86922,56068.03139,14011,0.017 $\pm$ 0.001,0.017,0.0011,0.109 $\pm$ 0.018,0.1085,0.0179,17.473 $\pm$ 0.379,17.4727,0.3794,1.247 $\pm$ 0.027,1.247,0.0271,1.558 $\pm$ 0.034,1.5584,0.0339,238 $\pm$ 0.262,238,0.2618,1.442 $\pm$ 0.098,1.441734417,0.09767393002
13842,1,56130.19184,56130.22941,3246,0.038 $\pm$ 0.003,0.038,0.0034,0.061 $\pm$ 0.014,0.0613,0.0139,11.991 $\pm$ 0.127,11.9905,0.1274,3.694 $\pm$ 0.039,3.6939,0.0392,4.616 $\pm$ 0.050,4.6161,0.0496,123 $\pm$ 0.418,123.0006,0.41820204,1.289 $\pm$ 0.161,1.289473684,0.1609243057
13842,2,56130.91328,56130.92399,925,0.055 $\pm$ 0.008,0.055,0.0077,0.077 $\pm$ 0.016,0.0767,0.0155,5.296 $\pm$ 0.036,5.2964,0.0363,5.726 $\pm$ 0.039,5.7264,0.0392,7.156 $\pm$ 0.050,7.1561,0.0503,51 $\pm$ 0.393,50.998,0.3926846,1.474 $\pm$ 0.310,1.473684211,0.3097294814
13842,3,56131.49880,56131.58747,7661,0.022 $\pm$ 0.002,0.022,0.0017,0.043 $\pm$ 0.012,0.0426,0.0117,13.768 $\pm$ 0.301,13.7684,0.3006,1.797 $\pm$ 0.039,1.7973,0.0392,2.246 $\pm$ 0.049,2.246,0.0492,167 $\pm$ 0.284,167.0007,0.28390119,1.860 $\pm$ 0.176,1.859649123,0.176349334
3392,1,52420.17534,52420.21044,3033,0.022 $\pm$ 0.003,0.022,0.0027,0.045 $\pm$ 0.012,0.045,0.0117,4.357 $\pm$ 0.077,4.357,0.0765,1.437 $\pm$ 0.025,1.4367,0.0252,1.795 $\pm$ 0.032,1.7953,0.0317,66 $\pm$ 0.178,65.9992,0.17819784,2.000 $\pm$ 0.522,2,0.5222329679
3392,2,52420.56900,52420.63095,5352,0.012 $\pm$ 0.002,0.012,0.0015,0.033 $\pm$ 0.010,0.0327,0.0101,3.439 $\pm$ 0.135,3.4391,0.135,0.643 $\pm$ 0.025,0.6425,0.0252,0.803 $\pm$ 0.032,0.8029,0.0316,66 $\pm$ 0.099,66,0.099,0.833 $\pm$ 0.206,0.8333333333,0.2060055135
3392,3,52421.23678,52421.24898,1054,0.028 $\pm$ 0.005,0.028,0.0051,0.029 $\pm$ 0.010,0.0288,0.0096,2.025 $\pm$ 0.027,2.0247,0.0266,1.921 $\pm$ 0.025,1.9213,0.0252,2.401 $\pm$ 0.032,2.401,0.0318,29 $\pm$ 0.148,28.9993,0.14789643,1.900 $\pm$ 0.742,1.9,0.7422937424
14432,1,56138.56140,56138.61387,4534,0.014 $\pm$ 0.002,0.014,0.0017,0.021 $\pm$ 0.008,0.0205,0.0083,4.034 $\pm$ 0.161,4.0343,0.1612,0.890 $\pm$ 0.036,0.8898,0.0356,1.112 $\pm$ 0.045,1.112,0.0445,61 $\pm$ 0.104,60.9995,0.10369915,1.640 $\pm$ 0.208,1.64,0.2080769089
14432,2,56139.37835,56139.42095,3681,0.051 $\pm$ 0.004,0.051,0.0037,0.114 $\pm$ 0.019,0.1142,0.0185,19.713 $\pm$ 0.131,19.7131,0.1309,5.355 $\pm$ 0.036,5.3553,0.0356,6.692 $\pm$ 0.046,6.6923,0.0457,189 $\pm$ 0.699,189,0.6993,1.762 $\pm$ 0.193,1.761538462,0.1934416273
22592,1,59357.20331,59357.26016,4911,0.026 $\pm$ 0.002,0.026,0.0023,0.085 $\pm$ 0.017,0.0849,0.0171,8.142 $\pm$ 0.335,8.1418,0.335,1.658 $\pm$ 0.068,1.6577,0.0682,2.072 $\pm$ 0.085,2.0716,0.0853,127 $\pm$ 0.292,127,0.2921,1.190 $\pm$ 0.212,1.189655172,0.2119260851
22595,1,59386.01508,59386.02591,936,0.093 $\pm$ 0.010,0.093,0.01,0.139 $\pm$ 0.022,0.1392,0.0217,6.542 $\pm$ 0.110,6.5417,0.1097,6.990 $\pm$ 0.117,6.9898,0.1172,8.735 $\pm$ 0.147,8.735,0.1472,87 $\pm$ 0.870,86.9983,0.869983,1.231 $\pm$ 0.265,1.230769231,0.2653281534
22595,2,59386.08527,59386.11595,2650,0.046 $\pm$ 0.004,0.046,0.0042,0.089 $\pm$ 0.017,0.0892,0.0174,7.970 $\pm$ 0.311,7.9696,0.3107,3.007 $\pm$ 0.117,3.0073,0.1172,3.758 $\pm$ 0.147,3.7582,0.1466,121 $\pm$ 0.508,121.0014,0.50820588,1.241 $\pm$ 0.227,1.240740741,0.2269025866
22595,3,59386.13127,59386.18571,4703,0.094 $\pm$ 0.005,0.094,0.0045,0.260 $\pm$ 0.029,0.2598,0.0287,33.110 $\pm$ 0.551,33.1101,0.5514,7.040 $\pm$ 0.117,7.0398,0.1172,8.797 $\pm$ 0.147,8.7974,0.1472,440 $\pm$ 1.980,440,1.98,1.245 $\pm$ 0.119,1.244897959,0.1194090228
15570,1,56225.23011,56225.25830,2436,0.032 $\pm$ 0.004,0.032,0.0036,0.076 $\pm$ 0.016,0.076,0.0155,7.455 $\pm$ 12.728,7.4546,12.7284,3.061 $\pm$ 5.226,3.0606,5.2258,3.825 $\pm$ 6.531,3.8247,6.5305,78 $\pm$ 0.281,78,0.2808,1.672 $\pm$ 0.271,1.672131148,0.2706444562
22937,1,59082.23769,59082.31480,6658,0.017 $\pm$ 0.002,0.017,0.0016,0.037 $\pm$ 0.011,0.0371,0.0107,6.845 $\pm$ 0.261,6.8447,0.2612,1.028 $\pm$ 0.039,1.028,0.0392,1.285 $\pm$ 0.049,1.2846,0.0491,112 $\pm$ 0.179,112,0.1792,1.383 $\pm$ 0.265,1.382978723,0.2648005622
16963,1,57066.24917,57066.25923,869,0.045 $\pm$ 0.007,0.045,0.0073,0.059 $\pm$ 0.015,0.0585,0.0147,2.976 $\pm$ 0.040,2.9763,0.0398,3.425 $\pm$ 0.046,3.4253,0.0458,4.281 $\pm$ 0.058,4.2805,0.0576,39 $\pm$ 0.285,39.0701,0.28521173,2.333 $\pm$ 0.805,2.333333333,0.8050764859
13843,1,56223.37822,56223.47283,8174,0.033 $\pm$ 0.002,0.033,0.002,0.131 $\pm$ 0.020,0.1309,0.0197,25.383 $\pm$ 0.317,25.3829,0.3172,3.105 $\pm$ 0.039,3.1054,0.0388,3.881 $\pm$ 0.049,3.8808,0.0489,269 $\pm$ 0.538,269,0.538,1.672 $\pm$ 0.139,1.672413793,0.1387968884
3393,1,52422.63721,52422.67529,3290,0.080 $\pm$ 0.005,0.080,0.0049,0.355 $\pm$ 0.022,0.3548,0.0224,20.876 $\pm$ 0.088,20.8762,0.0875,6.345 $\pm$ 0.027,6.3446,0.0266,7.929 $\pm$ 0.036,7.9287,0.0355,264 $\pm$ 1.294,264,1.2936,1.779 $\pm$ 0.228,1.778947368,0.2281181852
3393,2,52423.24197,52423.30094,5095,0.031 $\pm$ 0.003,0.031,0.0025,0.101 $\pm$ 0.016,0.1007,0.0162,11.210 $\pm$ 0.136,11.2095,0.1355,2.200 $\pm$ 0.027,2.2001,0.0266,2.749 $\pm$ 0.034,2.7494,0.0335,158 $\pm$ 0.395,158.001,0.3950025,2.038 $\pm$ 0.345,2.038461538,0.3451250326
3393,3,52423.78165,52423.79361,1033,0.057 $\pm$ 0.007,0.057,0.0074,0.079 $\pm$ 0.015,0.0786,0.0147,4.543 $\pm$ 0.028,4.543,0.0275,4.396 $\pm$ 0.027,4.3961,0.0266,5.494 $\pm$ 0.034,5.4936,0.0343,59 $\pm$ 0.437,59.0003,0.43660222,1.458 $\pm$ 0.386,1.458333333,0.3864943641
21456,1,58574.47617,58574.49311,1464,0.031 $\pm$ 0.005,0.031,0.0046,0.052 $\pm$ 0.014,0.052,0.0138,3.258 $\pm$ 0.056,3.2578,0.0564,2.226 $\pm$ 0.039,2.2257,0.0385,2.781 $\pm$ 0.048,2.7814,0.0484,46 $\pm$ 0.212,45.9997,0.21159862,1.300 $\pm$ 0.387,1.3,0.3866522986
16218,1,56950.55216,56950.62667,6437,0.126 $\pm$ 0.004,0.126,0.0044,0.633 $\pm$ 0.044,0.6327,0.0436,65.747 $\pm$ 0.316,65.7471,0.3163,10.213 $\pm$ 0.049,10.2133,0.0491,12.763 $\pm$ 0.065,12.7632,0.0647,811 $\pm$ 3.568,811,3.5684,1.511 $\pm$ 0.108,1.510835913,0.1083718668
14943,1,56582.66656,56582.67927,1098,0.020 $\pm$ 0.005,0.020,0.0046,0.029 $\pm$ 0.011,0.029,0.011,1.374 $\pm$ 0.060,1.3737,0.0597,1.251 $\pm$ 0.054,1.2508,0.0544,1.563 $\pm$ 0.068,1.563,0.068,22 $\pm$ 0.100,21.7104,0.09986784,0.786 $\pm$ 0.317,0.7857142857,0.3165733073
25297,1,59658.33743,59658.41349,6572,0.015 $\pm$ 0.002,0.015,0.0015,0.040 $\pm$ 0.012,0.0397,0.012,5.552 $\pm$ 0.365,5.5519,0.3648,0.845 $\pm$ 0.056,0.8447,0.0555,1.056 $\pm$ 0.069,1.0557,0.0694,95 $\pm$ 0.142,94.9996,0.1424994,0.939 $\pm$ 0.193,0.9387755102,0.1927287916
14944,1,56555.46190,56555.48542,2033,0.018 $\pm$ 0.003,0.018,0.0033,0.035 $\pm$ 0.012,0.0354,0.0122,2.276 $\pm$ 0.138,2.2756,0.1382,1.120 $\pm$ 0.068,1.1196,0.068,1.399 $\pm$ 0.085,1.3991,0.085,36 $\pm$ 0.118,35.8671,0.11836143,0.957 $\pm$ 0.285,0.9565217391,0.2852501249
16217,1,56899.48990,56899.54752,4978,0.017 $\pm$ 0.002,0.017,0.0019,0.039 $\pm$ 0.012,0.0388,0.0122,5.547 $\pm$ 0.204,5.5473,0.2038,1.114 $\pm$ 0.041,1.1143,0.0409,1.393 $\pm$ 0.051,1.3925,0.0512,87 $\pm$ 0.165,86.7345,0.16479555,1.136 $\pm$ 0.235,1.136363636,0.2348929132
23739,1,59425.00191,59425.04771,3957,0.093 $\pm$ 0.005,0.093,0.0049,0.500 $\pm$ 0.038,0.4997,0.0375,29.211 $\pm$ 0.187,29.2109,0.1868,7.382 $\pm$ 0.047,7.3823,0.0472,9.226 $\pm$ 0.061,9.2255,0.0608,369 $\pm$ 1.808,369,1.8081,1.580 $\pm$ 0.169,1.58041958,0.1688742162
15045,1,56593.67151,56593.69812,2299,0.030 $\pm$ 0.004,0.030,0.0037,0.041 $\pm$ 0.013,0.0411,0.0127,4.713 $\pm$ 0.098,4.7133,0.0977,2.050 $\pm$ 0.043,2.0498,0.0425,2.562 $\pm$ 0.053,2.5616,0.0533,68 $\pm$ 0.251,67.7888,0.25081856,1.176 $\pm$ 0.274,1.176470588,0.2744274057
15045,2,56593.82750,56593.83845,946,0.028 $\pm$ 0.006,0.028,0.0057,0.041 $\pm$ 0.013,0.0409,0.0127,1.817 $\pm$ 0.040,1.8173,0.0402,1.920 $\pm$ 0.043,1.9202,0.0425,2.400 $\pm$ 0.053,2.3996,0.0533,26 $\pm$ 0.151,26.4448,0.15073536,1.636 $\pm$ 0.626,1.636363636,0.6262478152
5953,1,53581.92696,53581.95554,2469,0.042 $\pm$ 0.004,0.042,0.0041,0.089 $\pm$ 0.016,0.0888,0.0155,7.704 $\pm$ 0.078,7.704,0.0776,3.121 $\pm$ 0.031,3.1207,0.0314,3.900 $\pm$ 0.040,3.8998,0.0398,104 $\pm$ 0.426,104.0011,0.42640451,1.311 $\pm$ 0.259,1.311111111,0.2594919591
15042,1,56516.35777,56516.48754,11212,0.016 $\pm$ 0.001,0.016,0.0013,0.049 $\pm$ 0.014,0.0486,0.014,10.867 $\pm$ 0.478,10.8672,0.4776,0.969 $\pm$ 0.043,0.9692,0.0426,1.211 $\pm$ 0.053,1.2112,0.0533,179 $\pm$ 0.232,178.7952,0.23243376,0.974 $\pm$ 0.130,0.9736842105,0.1298361029
1561,1,51844.10515,51844.11288,668,0.033 $\pm$ 0.007,0.033,0.007,0.040 $\pm$ 0.011,0.0398,0.0112,1.558 $\pm$ 0.033,1.5581,0.0327,2.334 $\pm$ 0.049,2.3338,0.049,2.917 $\pm$ 0.061,2.9165,0.0614,22 $\pm$ 0.154,22.0006,0.1540042,1.200 $\pm$ 0.514,1.2,0.5138093031
1561,2,51844.15817,51844.27951,10484,0.064 $\pm$ 0.003,0.064,0.0025,0.367 $\pm$ 0.023,0.3671,0.0226,52.128 $\pm$ 0.514,52.1277,0.5136,4.972 $\pm$ 0.049,4.9722,0.049,6.214 $\pm$ 0.062,6.2136,0.062,674 $\pm$ 1.685,674,1.685,1.893 $\pm$ 0.153,1.892703863,0.1532905426
18731,1,57581.95206,57581.96252,904,0.035 $\pm$ 0.006,0.035,0.0063,0.064 $\pm$ 0.015,0.064,0.0152,2.276 $\pm$ 0.021,2.2764,0.0212,2.519 $\pm$ 0.024,2.5186,0.0235,3.147 $\pm$ 0.030,3.1474,0.0298,32 $\pm$ 0.202,31.9986,0.20159118,1.462 $\pm$ 0.526,1.461538462,0.5260617934
3663,1,52418.80112,52418.85593,4735,0.021 $\pm$ 0.002,0.021,0.0021,0.047 $\pm$ 0.012,0.0472,0.0117,6.256 $\pm$ 0.190,6.2563,0.19,1.321 $\pm$ 0.040,1.3212,0.0401,1.651 $\pm$ 0.050,1.6511,0.0502,101 $\pm$ 0.212,100.9999,0.21209979,1.730 $\pm$ 0.357,1.72972973,0.3572301351
14392,1,55966.43002,55966.45449,2114,0.021 $\pm$ 0.003,0.021,0.0032,0.039 $\pm$ 0.011,0.039,0.0112,3.481 $\pm$ 0.134,3.4806,0.1337,1.646 $\pm$ 0.063,1.6463,0.0632,2.057 $\pm$ 0.079,2.0574,0.0791,45 $\pm$ 0.144,45.0004,0.14400128,1.474 $\pm$ 0.253,1.473684211,0.2528930626
14392,2,55966.59864,55966.66394,5642,0.132 $\pm$ 0.005,0.132,0.0048,0.374 $\pm$ 0.029,0.374,0.0291,82.819 $\pm$ 0.357,82.8194,0.3567,14.680 $\pm$ 0.063,14.68,0.0632,18.345 $\pm$ 0.084,18.3451,0.0842,744 $\pm$ 3.571,744,3.5712,1.913 $\pm$ 0.125,1.912921348,0.1251088227
15043,1,56549.08525,56549.14935,5538,0.501 $\pm$ 0.010,0.501,0.0095,1.901 $\pm$ 0.062,1.9012,0.0622,230.797 $\pm$ 0.233,230.7965,0.2331,41.674 $\pm$ 0.042,41.6739,0.0421,52.079 $\pm$ 0.098,52.0786,0.0979,2775 $\pm$ 26.363,2775,26.3625,1.731 $\pm$ 0.068,1.731299213,0.06822190645
5952,1,53581.08914,53581.15574,5754,0.017 $\pm$ 0.002,0.017,0.0017,0.040 $\pm$ 0.011,0.0402,0.0112,5.772 $\pm$ 0.234,5.7715,0.2338,1.003 $\pm$ 0.041,1.0031,0.0406,1.254 $\pm$ 0.051,1.2535,0.0508,97 $\pm$ 0.165,96.9998,0.16489966,0.940 $\pm$ 0.191,0.94,0.1909764383
20751,1,58715.15696,58715.22626,5987,0.193 $\pm$ 0.006,0.193,0.0057,0.897 $\pm$ 0.049,0.8974,0.0493,94.743 $\pm$ 0.274,94.7433,0.2743,15.825 $\pm$ 0.046,15.8251,0.0458,19.776 $\pm$ 0.065,19.7761,0.0653,1154 $\pm$ 6.578,1154,6.5778,1.542 $\pm$ 0.093,1.54185022,0.09291121623
14427,1,56054.10112,56054.15898,4999,0.020 $\pm$ 0.002,0.020,0.002,0.035 $\pm$ 0.011,0.0348,0.0107,8.227 $\pm$ 0.274,8.2269,0.2737,1.646 $\pm$ 0.055,1.6456,0.0548,2.057 $\pm$ 0.069,2.0565,0.0685,99 $\pm$ 0.198,99,0.198,1.593 $\pm$ 0.183,1.593495935,0.1833013696
14427,2,56054.47212,56054.49750,2192,0.019 $\pm$ 0.003,0.019,0.0029,0.035 $\pm$ 0.011,0.0348,0.0107,3.323 $\pm$ 0.120,3.323,0.12,1.516 $\pm$ 0.055,1.5156,0.0548,1.894 $\pm$ 0.069,1.894,0.0685,41 $\pm$ 0.119,40.9992,0.11889768,1.544 $\pm$ 0.262,1.543859649,0.2624901758
13857,1,56003.66968,56003.67605,550,0.035 $\pm$ 0.008,0.035,0.0079,0.047 $\pm$ 0.012,0.0466,0.0117,1.785 $\pm$ 0.035,1.7853,0.0347,3.247 $\pm$ 0.063,3.2474,0.0632,4.058 $\pm$ 0.079,4.0581,0.0792,19 $\pm$ 0.150,19.0011,0.15010869,2.643 $\pm$ 0.829,2.642857143,0.8292660705
23666,1,59315.56742,59315.57510,664,0.030 $\pm$ 0.007,0.030,0.0067,0.044 $\pm$ 0.013,0.0439,0.0127,1.380 $\pm$ 0.026,1.3796,0.0264,2.079 $\pm$ 0.040,2.0789,0.0398,2.598 $\pm$ 0.050,2.5979,0.0499,20 $\pm$ 0.134,20.0013,0.13400871,1.857 $\pm$ 0.871,1.857142857,0.8706420003
13851,1,56217.81226,56217.87427,5358,0.076 $\pm$ 0.004,0.076,0.0038,0.221 $\pm$ 0.025,0.2205,0.0248,44.509 $\pm$ 0.191,44.5089,0.1909,8.307 $\pm$ 0.036,8.3067,0.0356,10.381 $\pm$ 0.048,10.3806,0.0475,408 $\pm$ 1.550,408,1.5504,1.841 $\pm$ 0.152,1.840707965,0.1521078125