obs_id,filename,flare_number,start_mjd,end_mjd,duration_s,rate_mean,rate_mean_err,rate_max,rate_max_err,energy_1e37erg,energy_err,luminosity_1e34,luminosity_err,flux_1e_minus12,flux_err,fluence_ct,fluence_err,hardness_ratio,hardness_ratio_err,Shape
31022,31022_SGRA_TABLE_RESULTS.txt,1,60899.1358604556,60899.1585146993,1957.3056,0.0261,0.0036,0.0436,0.0125,3.3346,0.0811,1.7037,0.0414,2.129,0.0519,50.9995,0.1836,0.7,0.19916492328386200,1
28231,28231_SGRA_TABLE_RESULTS.txt,1,60408.5664414409,60408.5768560903,899.8560000000000,0.0345,0.0062,0.0415,0.012,2.153,0.0407,2.3927,0.0453,2.99,0.0568,31.001,0.1922062,1.2142857142857100,0.43824125043862100,1
26760,26760_SGRA_TABLE_RESULTS.txt,1,60054.4141706355,60054.4676307197,4618.944,0.031,0.0026,0.0437,0.0125,9.8237,0.2195,2.1268,0.0475,2.6578,0.0595,142.9998,0.3718,1.042857142857140,0.17445458530047700,2
26759,26759_SGRA_TABLE_RESULTS.txt,1,60052.4355408632,60052.4594135912,2062.6272,0.0165,0.0028,0.0297,0.0102,1.9867,0.104,0.9632,0.0504,1.2037,0.063,34.0004,0.0952,0.7,0.24392621835300900,1
25297,25297_SGRA_TABLE_RESULTS.txt,1,59658.3374265859,59658.413494944,6572.2752,0.0145,0.0015,0.0397,0.012,5.5519,0.3648,0.8447,0.0555,1.0557,0.0694,94.9996,0.1425,0.9387755102040820,0.1927287916156080,1
23739,23739_SGRA_TABLE_RESULTS.txt,1,59425.001908363,59425.0477052716,3956.8608,0.0933,0.0049,0.4997,0.0375,29.2109,0.1868,7.3823,0.0472,9.2255,0.0608,369.0,1.8081,1.5804195804195800,0.16887421624759400,2
22595,22595_SGRA_TABLE_RESULTS.txt,3,59386.1312701681,59386.1857061669,4703.270400000000,0.0936,0.0045,0.2598,0.0287,33.1101,0.5514,7.0398,0.1172,8.7974,0.1472,440.0,1.98,1.2448979591836700,0.11940902283540800,3
22595,22595_SGRA_TABLE_RESULTS.txt,2,59386.0852738163,59386.1159454584,2650.0608,0.0457,0.0042,0.0892,0.0174,7.9696,0.3107,3.0073,0.1172,3.7582,0.1466,121.0014,0.5082,1.2407407407407400,0.226902586639298,2
22595,22595_SGRA_TABLE_RESULTS.txt,1,59386.0150757433,59386.0259079556,935.8848,0.093,0.01,0.1392,0.0217,6.5417,0.1097,6.9898,0.1172,8.735,0.1472,86.9983,0.869983,1.2307692307692300,0.2653281533854080,2
22594,22594_SGRA_TABLE_RESULTS.txt,1,59385.1181459709,59385.1922850757,6405.6096,0.0498,0.0028,0.2062,0.0268,24.9795,0.3178,3.8996,0.0496,4.8732,0.0625,319.0,0.8932,1.1849315068493200,0.13316469828115700,2
22592,22592_SGRA_TABLE_RESULTS.txt,1,59357.2033116202,59357.2601579368,4911.4944000000000,0.0259,0.0023,0.0849,0.0171,8.1418,0.335,1.6577,0.0682,2.0716,0.0853,127.0,0.2921,1.1896551724137900,0.21192608510030800,2
23666,23666_SGRA_TABLE_RESULTS.txt,1,59315.5674243423,59315.5751048431,663.6384,0.0301,0.0067,0.0439,0.0127,1.3796,0.0264,2.0789,0.0398,2.5979,0.0499,20.0013,0.1340,1.8571428571428600,0.8706420003143490,1
23665,23665_SGRA_TABLE_RESULTS.txt,1,59314.3525806787,59314.3741622918,1864.6848,0.0311,0.0041,0.0489,0.0133,3.989,0.0877,2.1392,0.047,2.6733,0.0589,58.001,0.2378041,1.1481481481481500,0.3022380909790710,1
22937,22937_SGRA_TABLE_RESULTS.txt,1,59082.237694658,59082.314795912,6658.416000000000,0.0168,0.0016,0.0371,0.0107,6.8447,0.2612,1.028,0.0392,1.2846,0.0491,112.0,0.1792,1.3829787234042600,0.2648005621576410,2
20751,20751_SGRA_TABLE_RESULTS.txt,1,58715.156961405,58715.2262554391,5986.9152000000000,0.1928,0.0057,0.8974,0.0493,94.7433,0.2743,15.8251,0.0458,19.7761,0.0653,1154.0,6.5778,1.5418502202643200,0.0929112162298349,3
20446,20446_SGRA_TABLE_RESULTS.txt,1,58685.0777559162,58685.0854916177,668.3904,0.0329,0.007,0.0402,0.0122,1.5424,0.0184,2.3076,0.0275,2.8838,0.0347,22.0008,0.1540056,0.8333333333333330,0.3568120160740310,1
22230,22230_SGRA_TABLE_RESULTS.txt,1,58682.1350683115,58682.1485208444,1162.3392,0.0637,0.0074,0.1147,0.0201,5.689,0.0445,4.8944,0.0383,6.1164,0.0489,74.0026,0.5476,0.85,0.1982738005889840,1
21456,21456_SGRA_TABLE_RESULTS.txt,1,58574.4761701491,58574.4931112524,1463.7024,0.0314,0.0046,0.052,0.0138,3.2578,0.0564,2.2257,0.0385,2.7814,0.0484,45.9997,0.2116,1.3,0.38665229858362400,2
21454,21454_SGRA_TABLE_RESULTS.txt,2,58572.4597801484,58572.47792354,1567.6416,0.044,0.0053,0.122,0.0208,4.9301,0.0831,3.1449,0.053,3.9301,0.0666,69.0,0.3657,1.6538461538461500,0.41086462558281,1
21454,21454_SGRA_TABLE_RESULTS.txt,1,58572.2499136315,58572.2652645892,1326.3264,0.1056,0.0089,0.2176,0.0273,11.0437,0.0703,8.3265,0.053,10.4054,0.0683,140.0,1.246,1.6923076923076900,0.2960058801959940,2
20346,20346_SGRA_TABLE_RESULTS.txt,1,58232.2094138099,58232.2480280975,3336.336,0.1163,0.0059,0.3229,0.0327,31.4483,0.1159,9.426,0.0347,11.7794,0.0473,388.0,2.2892,1.2958579881656800,0.13268073335603900,2
19703,19703_SGRA_TABLE_RESULTS.txt,2,57950.5518844129,57950.5658856855,1209.6864,0.0331,0.0052,0.0488,0.0133,2.9011,0.032,2.3982,0.0264,2.9969,0.0334,39.9992,0.2080,1.5,0.4841229182759270,1
19703,19703_SGRA_TABLE_RESULTS.txt,1,57949.9606547532,57950.0140103535,4609.9584,0.0132,0.0017,0.0261,0.0097,3.3571,0.1219,0.7282,0.0264,0.9101,0.0331,61.0005,0.1037,0.967741935483871,0.24784662200239500,1
20041,20041_SGRA_TABLE_RESULTS.txt,1,57854.3545234889,57854.3809904317,2286.7488000000000,0.1006,0.0066,0.1711,0.0244,18.0087,0.1266,7.8752,0.0553,9.8414,0.0709,230.0,1.518,1.2549019607843100,0.16655920727796800,2
18732,18732_SGRA_TABLE_RESULTS.txt,1,57587.6279846369,57587.6576560533,2563.5744,0.0222,0.0029,0.0445,0.0127,3.7091,0.0569,1.4468,0.0222,1.8081,0.0279,56.9992,0.1653,1.0357142857142900,0.2744096499335920,2
18731,18731_SGRA_TABLE_RESULTS.txt,1,57581.9520631348,57581.9625245837,903.8304,0.0354,0.0063,0.064,0.0152,2.2764,0.0212,2.5186,0.0235,3.1474,0.0298,31.9986,0.2016,1.4615384615384600,0.526061793393914,1
18055,18055_SGRA_TABLE_RESULTS.txt,2,57431.6501269879,57431.6753327827,2177.7984,0.0827,0.0062,0.131,0.0214,13.6902,0.1599,6.2863,0.0734,7.8558,0.0926,180.0015,1.1160,1.368421052631580,0.20650593307128800,2
18055,18055_SGRA_TABLE_RESULTS.txt,1,57431.506776851,57431.5521702619,3922.0416,0.0423,0.0033,0.1187,0.0205,11.3374,0.288,2.8907,0.0734,3.6124,0.0919,166.0,0.5478,1.1012658227848100,0.17114847485679400,2
16966,16966_SGRA_TABLE_RESULTS.txt,1,57156.5078461703,57156.5418728009,2939.8464,0.0558,0.0044,0.1427,0.0224,12.5015,0.1834,4.2524,0.0624,5.3141,0.0784,164.0,0.7216,1.411764705882350,0.22376603756712400,2
16963,16963_SGRA_TABLE_RESULTS.txt,1,57066.2491718816,57066.2592286646,868.9248,0.045,0.0073,0.0585,0.0147,2.9763,0.0398,3.4253,0.0458,4.2805,0.0576,39.0701,0.2852,2.3333333333333300,0.8050764858994130,1
16218,16218_SGRA_TABLE_RESULTS.txt,1,56950.5521584909,56950.6266658518,6437.4048,0.126,0.0044,0.6327,0.0436,65.7471,0.3163,10.2133,0.0491,12.7632,0.0647,811.0,3.5684,1.5108359133126900,0.1083718668191050,3
16217,16217_SGRA_TABLE_RESULTS.txt,1,56899.4898996371,56899.5475196609,4978.3680000000000,0.0174,0.0019,0.0388,0.0122,5.5473,0.2038,1.1143,0.0409,1.3925,0.0512,86.7345,0.1648,1.1363636363636400,0.23489291324177800,2
16508,16508_SGRA_TABLE_RESULTS.txt,1,56710.0215563601,56710.0467113822,2173.392,0.0209,0.0032,0.0396,0.0122,3.0366,0.066,1.3972,0.0304,1.746,0.0381,45.3804,0.1452,2.769230769230770,0.8960541631330620,1
15045,15045_SGRA_TABLE_RESULTS.txt,2,56593.8274951275,56593.8384486763,946.4256,0.0279,0.0057,0.0409,0.0127,1.8173,0.0402,1.9202,0.0425,2.3996,0.0533,26.4448,0.1507,1.6363636363636400,0.6262478152222360,1
15045,15045_SGRA_TABLE_RESULTS.txt,1,56593.6715066504,56593.6981197756,2299.3632,0.0295,0.0037,0.0411,0.0127,4.7133,0.0977,2.0498,0.0425,2.5616,0.0533,67.7888,0.2508,1.1764705882352900,0.27442740565949300,1
14943,14943_SGRA_TABLE_RESULTS.txt,1,56582.6665606405,56582.6792726505,1098.3168000000000,0.0198,0.0046,0.029,0.011,1.3737,0.0597,1.2508,0.0544,1.563,0.068,21.7104,0.0999,0.7857142857142860,0.3165733072956850,1
14944,14944_SGRA_TABLE_RESULTS.txt,1,56555.4618971529,56555.4854216868,2032.56,0.0176,0.0033,0.0354,0.0122,2.2756,0.1382,1.1196,0.068,1.3991,0.085,35.8671,0.1184,0.9565217391304350,0.28525012491401000,1
15043,15043_SGRA_TABLE_RESULTS.txt,1,56549.0852479914,56549.1493475096,5538.153600000000,0.5011,0.0095,1.9012,0.0622,230.7965,0.2331,41.6739,0.0421,52.0786,0.0979,2775.0,26.3625,1.7312992125984300,0.06822190645111840,3
15042,15042_SGRA_TABLE_RESULTS.txt,1,56516.357766536,56516.4875383058,11212.3008,0.0159,0.0013,0.0486,0.014,10.8672,0.4776,0.9692,0.0426,1.2112,0.0533,178.7952,0.2324,0.9736842105263160,0.12983610290341200,1
15041,15041_SGRA_TABLE_RESULTS.txt,2,56500.464956453,56500.474215574,799.9776000000000,0.029,0.0065,0.0383,0.0127,1.649,0.0401,2.0613,0.0502,2.5759,0.0628,23.2356,0.1510,2.0,0.8164965809277260,1
15041,15041_SGRA_TABLE_RESULTS.txt,1,56500.1507258236,56500.1627820644,1041.6384,0.0308,0.0058,0.0404,0.0127,2.3023,0.0523,2.2103,0.0502,2.7622,0.0628,32.0982,0.1862,1.0555555555555600,0.3471913566528270,1
14468,14468_SGRA_TABLE_RESULTS.txt,2,56231.5642457846,56231.5894560817,2178.144,0.0303,0.0037,0.0546,0.0131,6.2658,0.0605,2.8767,0.0278,3.5949,0.0351,65.9992,0.2442,1.603448275862070,0.26827978991405500,2
14468,14468_SGRA_TABLE_RESULTS.txt,1,56230.2939987989,56230.3345487205,3503.5200000000000,0.0243,0.0026,0.0468,0.0122,7.5848,0.0972,2.1649,0.0278,2.7054,0.0349,85.0002,0.2210,2.0,0.2773500981126150,2
15570,15570_SGRA_TABLE_RESULTS.txt,1,56225.2301107415,56225.2583015752,2435.7024,0.032,0.0036,0.076,0.0155,7.4546,12.7284,3.0606,5.2258,3.8247,6.5305,78.0,0.2808,1.6721311475409800,0.27064445620418800,2
13843,13843_SGRA_TABLE_RESULTS.txt,1,56223.3782249419,56223.4728285995,8173.699200000000,0.0329,0.002,0.1309,0.0197,25.3829,0.3172,3.1054,0.0388,3.8808,0.0489,269.0,0.538,1.6724137931034500,0.138796888449952,2
13851,13851_SGRA_TABLE_RESULTS.txt,2,56217.8122561849,56217.8742720065,5358.182400000000,0.0761,0.0038,0.2205,0.0248,44.5089,0.1909,8.3067,0.0356,10.3806,0.0475,408.0,1.5504,1.8407079646017700,0.1521078124800910,3
13851,13851_SGRA_TABLE_RESULTS.txt,1,56217.0905989911,56217.0948515711,367.4592,0.0408,0.0105,0.0421,0.0117,1.5228,0.0131,4.144,0.0356,5.1787,0.0453,15.0015,0.1575,1.5454545454545500,0.5980182649628280,1
14463,14463_SGRA_TABLE_RESULTS.txt,1,56216.2338847668,56216.2481889518,1235.8656,0.0574,0.0068,0.0941,0.0169,7.3385,0.0964,5.938,0.078,7.4205,0.0982,70.9991,0.4828,2.0232558139534900,0.37716259841482800,1
14462,14462_SGRA_TABLE_RESULTS.txt,2,56208.1855341209,56208.2160148706,2633.5584,0.0258,0.0031,0.0537,0.0131,6.0369,0.0848,2.2923,0.0322,2.8646,0.0405,68.0006,0.2108,1.5616438356164400,0.2340932756647270,1
14462,14462_SGRA_TABLE_RESULTS.txt,1,56207.1782699449,56207.1892292311,946.8576,0.0317,0.0058,0.0389,0.0112,2.8246,0.0305,2.9832,0.0322,3.728,0.0407,29.9992,0.1740,1.8095238095238100,0.4920269169348830,1
14439,14439_SGRA_TABLE_RESULTS.txt,1,56147.1366330265,56147.1509915782,1240.6176,0.0274,0.0047,0.0348,0.0107,3.071,0.0365,2.4754,0.0294,3.0934,0.0371,34.0011,0.1598,2.08,0.506217344625804,1
13852,13852_SGRA_TABLE_RESULTS.txt,2,56144.3340669426,56144.3540238093,1724.2848,0.0244,0.0038,0.0278,0.0096,3.5059,0.0583,2.0333,0.0338,2.5409,0.0425,42.0003,0.1596,2.1538461538461500,0.4173450705408160,1
13852,13852_SGRA_TABLE_RESULTS.txt,1,56143.3215321682,56143.3356009205,1215.5616,0.0494,0.0064,0.0726,0.0151,6.0534,0.0411,4.98,0.0338,6.2233,0.0434,60.0011,0.3840,1.9523809523809500,0.3704621417455340,1
13838,13838_SGRA_TABLE_RESULTS.txt,1,56141.0172883562,56141.0524958884,3041.9712000000000,0.0539,0.0042,0.1439,0.0205,16.8961,0.109,5.5543,0.0358,6.9411,0.0461,164.0,0.6888,1.6694214876033100,0.19191056781816000,2
14432,14432_SGRA_TABLE_RESULTS.txt,2,56139.3783476651,56139.420952753,3681.072,0.0513,0.0037,0.1142,0.0185,19.7131,0.1309,5.3553,0.0356,6.6923,0.0457,189.0,0.6993,1.7615384615384600,0.19344162731185800,2
14432,14432_SGRA_TABLE_RESULTS.txt,1,56138.5614005157,56138.6138749833,4533.7536,0.0135,0.0017,0.0205,0.0083,4.0343,0.1612,0.8898,0.0356,1.112,0.0445,60.9995,0.1037,1.64,0.20807690885823900,1
13839,13839_SGRA_TABLE_RESULTS.txt,2,56134.0058681187,56134.0415119547,3079.6416000000000,0.0857,0.0053,0.1609,0.0216,28.7047,0.0795,9.3208,0.0258,11.6479,0.0372,264.0012,1.3992,1.9416058394160600,0.2041796667505950,2
13839,13839_SGRA_TABLE_RESULTS.txt,1,56132.3935211684,56132.4034276333,855.8784000000000,0.0479,0.0075,0.0571,0.0135,4.1623,0.0221,4.8632,0.0258,6.0774,0.0337,40.9981,0.3075,2.44,0.5794342067914180,1
13842,13842_SGRA_TABLE_RESULTS.txt,3,56131.498799817,56131.5874654235,7660.742400000000,0.0218,0.0017,0.0426,0.0117,13.7684,0.3006,1.7973,0.0392,2.246,0.0492,167.0007,0.2839,1.8596491228070200,0.17634933404609900,2
13842,13842_SGRA_TABLE_RESULTS.txt,2,56130.913283464,56130.9239888886,924.912,0.0551,0.0077,0.0767,0.0155,5.2964,0.0363,5.7264,0.0392,7.1561,0.0503,50.998,0.3926846,1.4736842105263200,0.3097294814104080,2
13842,13842_SGRA_TABLE_RESULTS.txt,1,56130.1918448833,56130.2294147132,3246.048,0.0379,0.0034,0.0613,0.0139,11.9905,0.1274,3.6939,0.0392,4.6161,0.0496,123.0006,0.4182,1.2894736842105300,0.1609243056909760,1
14466,14466_SGRA_TABLE_RESULTS.txt,1,56128.5554096137,56128.5598804975,386.2944,0.0699,0.0135,0.0805,0.0158,2.8617,0.0182,7.4082,0.0472,9.2577,0.0608,27.0007,0.3645,1.2380952380952400,0.36325086810038500,1
14465,14465_SGRA_TABLE_RESULTS.txt,2,56127.1819307434,56127.2080320547,2255.1264,0.0182,0.0028,0.0325,0.0101,3.2855,0.1289,1.4569,0.0571,1.8206,0.0715,40.9995,0.1148,1.4339622641509400,0.2566184319311250,1
14465,14465_SGRA_TABLE_RESULTS.txt,1,56126.9811903736,56127.0330656925,4482.0,0.019,0.0021,0.0398,0.0112,6.9439,0.2561,1.5493,0.0571,1.9361,0.0715,84.9995,0.1785,1.8541666666666700,0.23478937135326800,1
13853,13853_SGRA_TABLE_RESULTS.txt,1,56122.2609225622,56122.2687209948,673.7472,0.0252,0.0061,0.0283,0.0096,1.5726,0.0253,2.3341,0.0376,2.9168,0.0472,16.9991,0.1037,2.0625,0.6283115394650970,1
13845,13845_SGRA_TABLE_RESULTS.txt,1,56067.8692229492,56068.0313904359,14011.2288,0.017,0.0011,0.1085,0.0179,17.4727,0.3794,1.247,0.0271,1.5584,0.0339,238.0,0.2618,1.4417344173441700,0.09767393002069760,1
13849,13849_SGRA_TABLE_RESULTS.txt,4,56060.1421631247,56060.1703578731,2436.048,0.0546,0.0047,0.0768,0.0155,13.6207,0.0926,5.5913,0.038,6.9873,0.0488,133.0012,0.6251,1.8452380952381000,0.25000337434284700,2
13849,13849_SGRA_TABLE_RESULTS.txt,3,56059.3202638283,56059.3328423213,1086.7392,0.0276,0.005,0.0317,0.0101,2.6191,0.0413,2.4101,0.038,3.0118,0.0477,29.9988,0.149994,2.260869565217390,0.5661617819233250,1
13849,13849_SGRA_TABLE_RESULTS.txt,2,56059.0129942184,56059.0437151915,2654.2944,0.0185,0.0026,0.0317,0.0101,3.5367,0.1009,1.3324,0.038,1.6651,0.0476,49.0,0.1274,1.8095238095238100,0.2840718729408960,1
13849,13849_SGRA_TABLE_RESULTS.txt,1,56058.6950728832,56058.7083971364,1151.1936,0.0269,0.0048,0.039,0.0112,2.6827,0.0438,2.3304,0.038,2.9122,0.0477,30.9994,0.1488,1.4411764705882400,0.3216760377060690,1
14427,14427_SGRA_TABLE_RESULTS.txt,2,56054.472124744,56054.4975012336,2192.4864,0.0187,0.0029,0.0348,0.0107,3.323,0.12,1.5156,0.0548,1.894,0.0685,40.9992,0.1189,1.543859649122810,0.26249017576645,1
14427,14427_SGRA_TABLE_RESULTS.txt,1,56054.1011198334,56054.1589818384,4999.2768,0.0198,0.002,0.0348,0.0107,8.2269,0.2737,1.6456,0.0548,2.0565,0.0685,99.0,0.198,1.5934959349593500,0.1833013696383950,1
13847,13847_SGRA_TABLE_RESULTS.txt,1,56048.5152617972,56048.5528192105,3244.9248,0.0237,0.0027,0.0426,0.0117,6.562,0.1096,2.0222,0.0338,2.5271,0.0424,76.9992,0.2079,1.6551724137931000,0.22475447991839500,2
13854,13854_SGRA_TABLE_RESULTS.txt,4,56006.6828494131,56006.6875037033,402.1056,0.0995,0.0157,0.1069,0.0179,4.3314,0.0494,10.7718,0.1228,13.4612,0.1549,39.9975,0.6280,1.3703703703703700,0.3468527984478270,1
13854,13854_SGRA_TABLE_RESULTS.txt,3,56006.5856100532,56006.5968083155,967.5072,0.0517,0.0073,0.0696,0.0147,4.9723,0.1188,5.1393,0.1228,6.4224,0.1538,49.9988,0.3650,1.2,0.25690465157330300,1
13854,13854_SGRA_TABLE_RESULTS.txt,2,56006.5288187797,56006.5381451058,805.7664,0.0546,0.0082,0.0658,0.0143,4.419,0.0989,5.4842,0.1228,6.8534,0.1538,43.9985,0.3608,1.6451612903225800,0.37467047721958200,1
13854,13854_SGRA_TABLE_RESULTS.txt,1,56006.4868983093,56006.4946421282,669.0816,0.0523,0.0088,0.0582,0.0135,3.4886,0.0822,5.214,0.1228,6.5158,0.1538,35.0008,0.3080,1.7307692307692300,0.4263589748334480,1
13857,13857_SGRA_TABLE_RESULTS.txt,1,56003.6696846569,56003.6760472825,549.7632,0.0346,0.0079,0.0466,0.0117,1.7853,0.0347,3.2474,0.0632,4.0581,0.0792,19.0011,0.1501,2.642857142857140,0.8292660705367370,1
14392,14392_SGRA_TABLE_RESULTS.txt,2,55966.5986448471,55966.6639426611,5641.6608,0.1319,0.0048,0.374,0.0291,82.8194,0.3567,14.68,0.0632,18.3451,0.0842,744.0,3.5712,1.9129213483146100,0.12510882266593000,3
14392,14392_SGRA_TABLE_RESULTS.txt,1,55966.4300207317,55966.4544895131,2114.1216,0.0213,0.0032,0.039,0.0112,3.4806,0.1337,1.6463,0.0632,2.0574,0.0791,45.0004,0.1440,1.4736842105263200,0.25289306258411600,1
13016,13016_SGRA_TABLE_RESULTS.txt,1,55649.448992503,55649.4726799441,2046.5568,0.0166,0.0028,0.022,0.0083,2.2067,0.084,1.0782,0.041,1.3474,0.0513,33.9994,0.0952,1.6153846153846200,0.5700777322844750,1
11843,11843_SGRA_TABLE_RESULTS.txt,1,55329.1538426927,55329.1949982424,3555.8784,0.1041,0.0054,0.2705,0.0214,29.3224,0.087,8.2462,0.0245,10.305,0.0347,370.004,1.9980216,2.1623931623931600,0.2417588215302060,3
10556,10556_SGRA_TABLE_RESULTS.txt,4,54970.0408161481,54970.0476329314,588.9888,0.0849,0.012,0.1203,0.0172,3.9484,0.0171,6.7037,0.029,8.3774,0.0386,50.0016,0.6000192,1.9411764705882400,0.5795202153786930,2
10556,10556_SGRA_TABLE_RESULTS.txt,3,54969.9654679711,54969.9855184027,1732.32,0.0906,0.0072,0.1785,0.0194,12.4492,0.0502,7.1865,0.029,8.9807,0.0389,156.9966,1.1304,2.5681818181818200,0.456362586841505,1
10556,10556_SGRA_TABLE_RESULTS.txt,2,54969.4084185051,54969.4500645368,3598.2144000000000,0.0242,0.0026,0.0494,0.0122,5.7265,0.1043,1.5915,0.029,1.9888,0.0364,86.9999,0.2262,1.2307692307692300,0.2653281533854080,1
10556,10556_SGRA_TABLE_RESULTS.txt,1,54969.1157869404,54969.1296568924,1198.368,0.0409,0.0058,0.0585,0.0131,3.5933,0.0347,2.9985,0.029,3.7471,0.0367,49.0002,0.2842,1.45,0.4214558102577300,1
9173,09173_SGRA_TABLE_RESULTS.txt,1,54673.90630603,54674.0419969663,11723.7024,0.0086,0.0009,0.0299,0.0095,4.955,0.4621,0.4227,0.0394,0.5282,0.0493,101.0,0.0909,1.4634146341463400,0.29652446226485900,1
6363,06363_SGRA_TABLE_RESULTS.txt,1,53933.2490317925,53933.280367879,2707.4304,0.0558,0.0045,0.1378,0.0179,11.6636,0.1051,4.308,0.0388,5.3836,0.0492,151.0,0.6795,2.5952380952381000,0.4713329342511900,1
5953,05953_SGRA_TABLE_RESULTS.txt,1,53581.926964679,53581.9555373808,2468.7072000000000,0.0421,0.0041,0.0888,0.0155,7.704,0.0776,3.1207,0.0314,3.8998,0.0398,104.0011,0.4264,1.3111111111111100,0.25949195906146700,2
5952,05952_SGRA_TABLE_RESULTS.txt,1,53581.0891398826,53581.155737017,5753.9808,0.0169,0.0017,0.0402,0.0112,5.7715,0.2338,1.0031,0.0406,1.2535,0.0508,96.9998,0.1649,0.94,0.19097643833729900,2
4684,04684_SGRA_TABLE_RESULTS.txt,1,53193.1433966282,53193.1627183719,1669.4208,0.0665,0.0063,0.134,0.0179,8.5037,0.0608,5.0938,0.0364,6.3655,0.0466,111.0015,0.6993,1.9210526315789500,0.38427977215330100,2
3393,03393_SGRA_TABLE_RESULTS.txt,3,52423.7816468181,52423.7936077478,1033.4304,0.0571,0.0074,0.0786,0.0147,4.543,0.0275,4.3961,0.0266,5.4936,0.0343,59.0003,0.4366,1.4583333333333300,0.38649436414845500,1
3393,03393_SGRA_TABLE_RESULTS.txt,2,52423.2419681175,52423.3009367529,5094.9216,0.031,0.0025,0.1007,0.0162,11.2095,0.1355,2.2001,0.0266,2.7494,0.0335,158.001,0.3950025,2.0384615384615400,0.3451250325898770,2
3393,03393_SGRA_TABLE_RESULTS.txt,1,52422.637211519,52422.6752940158,3290.3712,0.0802,0.0049,0.3548,0.0224,20.8762,0.0875,6.3446,0.0266,7.9287,0.0355,264.0,1.2936,1.7789473684210500,0.22811818515925000,2
3392,03392_SGRA_TABLE_RESULTS.txt,3,52421.2367785838,52421.2489758648,1053.8208,0.0275,0.0051,0.0288,0.0096,2.0247,0.0266,1.9213,0.0252,2.401,0.0318,28.9993,0.1479,1.9,0.7422937423958260,2
3392,03392_SGRA_TABLE_RESULTS.txt,2,52420.568998866,52420.6309489083,5352.48,0.0123,0.0015,0.0327,0.0101,3.4391,0.135,0.6425,0.0252,0.8029,0.0316,66.0,0.099,0.8333333333333330,0.20600551353043500,1
3392,03392_SGRA_TABLE_RESULTS.txt,1,52420.1753393984,52420.2104408491,3032.7264,0.0218,0.0027,0.045,0.0117,4.357,0.0765,1.4367,0.0252,1.7953,0.0317,65.9992,0.1782,2.0,0.5222329678670940,1
3663,03663_SGRA_TABLE_RESULTS.txt,1,52418.8011211186,52418.8559271925,4735.2384,0.0213,0.0021,0.0472,0.0117,6.2563,0.19,1.3212,0.0401,1.6511,0.0502,100.9999,0.2121,1.7297297297297300,0.3572301350609890,2
1561,01561_SGRA_TABLE_RESULTS.txt,2,51844.1581720461,51844.2795123523,10483.8624,0.0643,0.0025,0.3671,0.0226,52.1277,0.5136,4.9722,0.049,6.2136,0.062,674.0,1.685,1.8927038626609400,0.1532905425916320,3
1561,01561_SGRA_TABLE_RESULTS.txt,1,51844.1051536376,51844.1128804099,667.6128,0.033,0.007,0.0398,0.0112,1.5581,0.0327,2.3338,0.049,2.9165,0.0614,22.0006,0.1540042,1.2,0.5138093031466050,1