obs_id,obs_date,telescope,instrument,exposure_ks,quiescent_rate,quiescent_rate_err
13841,2012-07-17T21:15:09,CHANDRA,ACIS,45.071881,6.456000,0.378000
13846,2012-05-16T10:49:33,CHANDRA,ACIS,56.173958,6.391000,0.337000
16508,2014-02-21T11:34:27,CHANDRA,ACIS,47.873725,4.286000,0.361000
16966,2015-05-14T08:53:48,CHANDRA,ACIS,25.071313,5.281000,0.741000
28231,2024-04-08T07:28:07,CHANDRA,ACIS,22.896067,6.034000,0.538000
14438,2012-05-18T04:37:04,CHANDRA,ACIS,25.795602,6.513000,0.502000
13848,2012-05-09T12:10:32,CHANDRA,ACIS,98.163580,6.550000,0.258000
18058,2016-10-14T10:44:16,CHANDRA,ACIS,25.067066,4.160000,0.420000
26757,2023-04-13T06:11:32,CHANDRA,ACIS,24.596526,5.448000,0.471000
7559,2007-10-26T09:59:14,CHANDRA,ACIS,5.075463,5.517000,1.043000
14462,2012-10-06T16:30:38,CHANDRA,ACIS,126.206429,6.371000,0.273000
16597,2014-07-04T20:56:19,CHANDRA,ACIS,18.153466,4.793000,0.586000
6644,2006-08-22T05:58:28,CHANDRA,ACIS,5.050305,5.544000,1.048000
19726,2017-04-06T03:49:57,CHANDRA,ACIS,31.071660,4.795000,0.393000
26759,2023-04-18T06:15:44,CHANDRA,ACIS,25.395656,5.045000,0.599000
18056,2016-02-14T14:41:42,CHANDRA,ACIS,24.027084,8.407000,0.592000
6643,2006-07-30T14:36:48,CHANDRA,ACIS,5.047313,4.557000,0.950000
13016,2011-03-29T10:31:47,CHANDRA,ACIS,18.068960,3.807000,0.487000
7557,2007-07-20T02:34:16,CHANDRA,ACIS,5.047391,6.142000,1.103000
14465,2012-07-18T23:32:04,CHANDRA,ACIS,44.346116,5.819000,0.485000
14439,2012-08-06T22:23:45,CHANDRA,ACIS,111.727769,6.403000,0.249000
13849,2012-05-11T03:26:32,CHANDRA,ACIS,178.754344,7.501000,0.209000
28230,2024-04-06T07:18:46,CHANDRA,ACIS,25.097181,5.180000,0.454000
13847,2012-04-30T16:23:44,CHANDRA,ACIS,154.072388,6.570000,0.286000
13840,2012-07-26T20:09:41,CHANDRA,ACIS,162.510977,6.791000,0.221000
13017,2011-03-31T10:32:03,CHANDRA,ACIS,11.098334,4.428000,0.495000
7556,2007-05-17T01:12:11,CHANDRA,ACIS,5.044742,5.947000,1.086000
26760,2023-04-20T04:42:31,CHANDRA,ACIS,25.496325,5.700000,0.564000
6645,2006-09-25T13:49:46,CHANDRA,ACIS,5.182153,5.910000,1.206000
14463,2012-10-16T00:49:58,CHANDRA,ACIS,30.772979,7.214000,0.661000
26758,2023-04-16T05:45:26,CHANDRA,ACIS,25.097070,5.260000,0.607000
18057,2016-10-08T19:04:30,CHANDRA,ACIS,25.065992,4.382000,0.448000
19727,2017-04-07T05:00:10,CHANDRA,ACIS,30.655382,5.523000,0.504000
7558,2007-09-02T20:22:05,CHANDRA,ACIS,5.047144,6.811000,1.523000
2952,2002-03-23T12:25:57,CHANDRA,ACIS,12.015555,4.910000,0.639000
20347,2018-04-25T03:42:26,CHANDRA,ACIS,36.071635,5.295000,0.383000
16215,2014-07-16T22:51:21,CHANDRA,ACIS,45.704351,4.921000,0.372000
16212,2014-04-04T02:28:54,CHANDRA,ACIS,50.075274,5.231000,0.371000
9174,2008-07-25T21:57:34,CHANDRA,ACIS,29.177229,4.421000,0.389000
21455,2019-03-31T05:22:00,CHANDRA,ACIS,33.072513,4.415000,0.365000
9173,2008-07-26T21:27:28,CHANDRA,ACIS,28.133696,3.595000,0.468000
242,1999-09-21T02:42:54,CHANDRA,ACIS,0.690264,4.832000,0.330000
2954,2002-05-07T09:31:32,CHANDRA,ACIS,12.621406,4.833000,0.619000
20346,2018-04-24T03:38:39,CHANDRA,ACIS,33.071071,4.347000,0.413000
2953,2002-04-19T11:04:12,CHANDRA,ACIS,11.748366,4.596000,0.625000
14941,2013-04-06T01:26:13,CHANDRA,ACIS,13.045989,3.784000,0.434000
14946,2013-07-02T06:57:56,CHANDRA,ACIS,20.069813,3.963000,0.690000
6363,2006-07-17T04:05:54,CHANDRA,ACIS,30.155595,4.608000,0.461000
21454,2019-03-30T05:36:23,CHANDRA,ACIS,33.596874,6.664000,0.630000
9172,2008-05-11T03:43:29,CHANDRA,ACIS,27.793504,5.361000,0.439000
21453,2019-03-29T04:05:11,CHANDRA,ACIS,33.072035,4.959000,0.387000
16213,2014-04-28T02:50:32,CHANDRA,ACIS,49.572162,4.819000,0.363000
16214,2014-05-20T00:26:35,CHANDRA,ACIS,50.071349,4.606000,0.356000
10556,2009-05-18T02:27:12,CHANDRA,ACIS,16.236776,5.277000,0.344000
18732,2016-07-18T12:08:57,CHANDRA,ACIS,84.465730,5.051000,0.264000
4683,2004-07-05T22:41:14,CHANDRA,ACIS,50.182610,4.504000,0.300000
4684,2004-07-06T22:37:58,CHANDRA,ACIS,50.185568,5.994000,0.433000
15041,2013-07-27T01:34:00,CHANDRA,ACIS,50.066710,4.564000,0.596000
5950,2005-07-24T20:05:20,CHANDRA,ACIS,49.176216,5.165000,0.324000
11843,2010-05-13T02:19:25,CHANDRA,ACIS,79.984413,6.118000,0.291000
9169,2008-05-05T03:59:26,CHANDRA,ACIS,18.426477,5.475000,0.492000
22230,2019-07-17T22:59:57,CHANDRA,ACIS,57.666042,5.538000,0.455000
31022,2025-08-11T20:22:11,CHANDRA,ACIS,26.891820,5.822000,0.492000
5951,2005-07-27T19:14:54,CHANDRA,ACIS,27.457168,4.848000,0.328000
23665,2021-04-10T06:37:33,CHANDRA,ACIS,25.072504,5.698000,0.559000
13838,2012-08-01T17:36:43,CHANDRA,ACIS,99.551738,6.784000,0.304000
20446,2019-07-21T00:08:32,CHANDRA,ACIS,57.666541,5.509000,0.327000
20040,2017-04-12T05:21:53,CHANDRA,ACIS,30.357870,5.205000,0.414000
13853,2012-07-14T00:46:02,CHANDRA,ACIS,73.669895,5.426000,0.319000
13854,2012-03-20T10:13:47,CHANDRA,ACIS,23.066832,8.071000,1.042000
19703,2017-07-15T22:43:36,CHANDRA,ACIS,89.294428,4.583000,0.314000
25300,2022-03-25T07:23:38,CHANDRA,ACIS,25.097258,5.658000,0.475000
19704,2017-07-25T23:04:12,CHANDRA,ACIS,86.464198,4.938000,0.239000
20447,2019-07-26T01:40:35,CHANDRA,ACIS,57.665704,5.567000,0.311000
13839,2012-07-24T07:11:01,CHANDRA,ACIS,176.243375,6.638000,0.219000
15568,2012-10-18T08:52:36,CHANDRA,ACIS,36.062053,6.417000,0.446000
13855,2012-03-22T11:26:42,CHANDRA,ACIS,20.063670,6.978000,0.590000
20041,2017-04-11T03:54:45,CHANDRA,ACIS,34.071579,7.049000,0.657000
13852,2012-08-04T02:44:39,CHANDRA,ACIS,156.557665,7.106000,0.287000
14414,2012-03-23T17:50:41,CHANDRA,ACIS,20.063766,6.579000,0.573000
14413,2012-03-21T06:46:31,CHANDRA,ACIS,14.726595,6.519000,0.665000
14468,2012-10-29T23:37:59,CHANDRA,ACIS,146.051892,5.892000,0.235000
6640,2006-05-03T22:32:27,CHANDRA,ACIS,5.167342,7.547000,1.209000
22594,2021-06-19T23:47:34,CHANDRA,ACIS,20.069813,3.486000,0.589000
14466,2012-07-20T12:45:29,CHANDRA,ACIS,45.084266,7.038000,0.400000
7554,2007-02-11T06:12:13,CHANDRA,ACIS,5.148538,4.467000,0.931000
14461,2012-07-12T05:57:36,CHANDRA,ACIS,50.973939,7.259000,0.377000
22593,2021-05-25T03:23:35,CHANDRA,ACIS,22.704664,4.492000,0.445000
18055,2016-02-13T08:54:55,CHANDRA,ACIS,25.071808,7.993000,0.872000
13845,2012-05-19T10:51:01,CHANDRA,ACIS,135.319179,6.405000,0.230000
13842,2012-07-21T12:00:56,CHANDRA,ACIS,191.747321,6.550000,0.333000
3392,2002-05-25T15:23:50,CHANDRA,ACIS,24.755309,4.700000,0.300000
14432,2012-07-30T13:03:31,CHANDRA,ACIS,74.265313,5.904000,0.302000
16965,2015-08-17T10:40:19,CHANDRA,ACIS,25.067749,5.298000,0.500000
28232,2024-04-09T07:32:09,CHANDRA,ACIS,25.097102,5.618000,0.473000
22592,2021-05-23T01:55:02,CHANDRA,ACIS,21.525021,6.170000,0.810000
6646,2006-10-29T03:23:11,CHANDRA,ACIS,5.166574,7.742000,1.224000
14460,2012-07-09T22:42:02,CHANDRA,ACIS,24.062590,5.608000,0.643000
7555,2007-03-25T22:57:14,CHANDRA,ACIS,5.154917,5.238000,1.008000
6641,2006-06-01T16:15:54,CHANDRA,ACIS,5.132558,9.157000,1.336000
22595,2021-06-20T23:51:43,CHANDRA,ACIS,20.104724,9.943000,1.392000
15570,2012-10-25T03:27:07,CHANDRA,ACIS,68.707021,6.055000,0.318000
22937,2020-08-20T23:30:23,CHANDRA,ACIS,25.801237,4.612000,0.466000
16964,2015-10-21T06:00:45,CHANDRA,ACIS,24.946393,5.115000,0.486000
16963,2015-02-13T00:37:37,CHANDRA,ACIS,25.071793,4.283000,0.544000
13843,2012-10-22T15:57:29,CHANDRA,ACIS,120.667602,6.561000,0.329000
22707,2020-07-02T11:43:11,CHANDRA,ACIS,26.026000,4.572000,0.419000
3393,2002-05-28T05:42:39,CHANDRA,ACIS,106.562530,4.881000,0.316000
13844,2012-07-10T23:19:53,CHANDRA,ACIS,20.064007,6.130000,0.553000
16211,2014-03-14T10:17:59,CHANDRA,ACIS,46.074961,4.305000,0.360000
16216,2014-08-02T03:37:51,CHANDRA,ACIS,47.066154,4.023000,0.337000
21456,2019-04-01T04:25:01,CHANDRA,ACIS,33.072373,4.993000,0.458000
9170,2008-05-06T03:06:45,CHANDRA,ACIS,27.148660,5.046000,0.431000
16218,2014-10-20T08:18:22,CHANDRA,ACIS,40.066239,4.683000,0.584000
14943,2013-10-17T15:37:18,CHANDRA,ACIS,20.068034,4.912000,0.646000
25297,2022-03-20T05:05:20,CHANDRA,ACIS,25.916995,4.422000,0.659000
29496,2024-09-06T19:59:19,CHANDRA,ACIS,27.292100,4.837000,0.421000
14944,2013-09-20T07:02:53,CHANDRA,ACIS,20.068598,4.349000,0.807000
25299,2022-03-23T07:27:45,CHANDRA,ACIS,23.096354,4.286000,0.431000
23738,2021-07-27T23:54:13,CHANDRA,ACIS,21.702381,4.907000,0.501000
20344,2018-04-20T03:22:12,CHANDRA,ACIS,32.072239,5.332000,0.408000
2951,2002-02-19T14:23:59,CHANDRA,ACIS,12.536887,6.222000,0.704000
9171,2008-05-10T03:24:39,CHANDRA,ACIS,19.210668,4.814000,0.414000
16217,2014-08-30T04:53:06,CHANDRA,ACIS,38.065290,4.188000,0.486000
16210,2014-06-03T03:07:31,CHANDRA,ACIS,18.769240,5.357000,0.610000
22288,2019-08-15T23:29:20,CHANDRA,ACIS,26.667437,5.212000,0.442000
25298,2022-03-22T06:21:01,CHANDRA,ACIS,25.097244,4.861000,0.440000
23739,2021-07-29T23:45:10,CHANDRA,ACIS,21.702878,5.579000,0.561000
20345,2018-04-22T03:35:58,CHANDRA,ACIS,31.474867,4.416000,0.375000
14945,2013-08-31T10:15:29,CHANDRA,ACIS,20.067056,7.108000,0.700000
14942,2013-04-14T15:46:48,CHANDRA,ACIS,20.094774,4.728000,0.485000
23737,2021-06-26T01:45:25,CHANDRA,ACIS,22.703938,4.933000,0.466000
15045,2013-10-28T14:26:09,CHANDRA,ACIS,50.065464,5.137000,0.505000
5953,2005-07-30T19:44:52,CHANDRA,ACIS,45.959530,5.065000,0.373000
15042,2013-08-11T23:03:07,CHANDRA,ACIS,49.420558,4.435000,0.506000
5954,2005-08-01T20:22:14,CHANDRA,ACIS,18.062816,4.318000,0.489000
2943,2002-05-22T23:27:19,CHANDRA,ACIS,38.183819,4.531000,0.344000
14704,2013-10-23T08:50:01,CHANDRA,ACIS,40.066468,6.595000,0.487000
14394,2012-02-10T03:12:35,CHANDRA,ACIS,18.065401,6.864000,0.616000
14393,2012-02-11T10:09:28,CHANDRA,ACIS,41.549364,8.087000,0.441000
14703,2013-06-04T08:53:28,CHANDRA,ACIS,18.568403,4.796000,0.764000
31020,2025-08-07T21:17:37,CHANDRA,ACIS,25.092226,5.819000,0.482000
20750,2019-08-13T23:23:09,CHANDRA,ACIS,26.767053,5.305000,0.445000
1561,2001-07-14T01:58:51,CHANDRA,ACIS,5.230748,4.352000,0.562000
1561,2000-10-26T19:03:10,CHANDRA,ACIS,36.257427,5.237000,0.582000
18731,2016-07-12T18:31:40,CHANDRA,ACIS,86.467041,5.491000,0.279000
3663,2002-05-24T11:57:57,CHANDRA,ACIS,30.974637,5.638000,0.476000
14702,2013-05-12T10:45:41,CHANDRA,ACIS,15.071624,4.832000,0.997000
31021,2025-08-09T18:43:25,CHANDRA,ACIS,26.923149,6.389000,0.487000
22604,2020-03-26T04:44:00,CHANDRA,ACIS,33.073386,4.717000,0.378000
14392,2012-02-09T06:13:13,CHANDRA,ACIS,59.253508,7.316000,0.536000
31019,2025-08-05T06:13:21,CHANDRA,ACIS,25.092686,5.539000,0.470000
15043,2013-09-14T00:05:43,CHANDRA,ACIS,50.064571,6.125000,0.500000
15044,2013-10-04T17:22:43,CHANDRA,ACIS,47.064119,4.421000,0.417000
5952,2005-07-29T19:57:37,CHANDRA,ACIS,29.564562,4.945000,0.483000
3665,2002-06-03T01:32:47,CHANDRA,ACIS,5.613129,5.268000,0.240000
6113,2005-02-27T06:23:31,CHANDRA,ACIS,4.922441,3.860000,0.886000
20751,2019-08-19T22:51:15,CHANDRA,ACIS,26.766511,4.806000,0.544000
28229,2024-04-04T07:21:02,CHANDRA,ACIS,25.096207,5.738000,0.478000
14427,2012-05-06T20:08:29,CHANDRA,ACIS,80.070171,5.840000,0.465000
13857,2012-03-17T08:58:52,CHANDRA,ACIS,39.558729,7.009000,0.536000
6639,2006-04-11T05:36:43,CHANDRA,ACIS,4.551725,5.053000,1.054000
13850,2012-02-06T00:33:17,CHANDRA,ACIS,60.066663,6.027000,0.317000
3549,2003-06-19T18:37:22,CHANDRA,ACIS,25.118570,5.852000,0.483000
23666,2021-04-11T06:24:17,CHANDRA,ACIS,25.071954,5.449000,0.472000
23668,2021-04-16T08:30:16,CHANDRA,ACIS,25.071430,5.783000,0.480000
13851,2012-10-16T18:46:10,CHANDRA,ACIS,107.054730,5.663000,0.302000
13856,2012-03-15T08:46:12,CHANDRA,ACIS,40.067675,5.865000,0.383000
23295,2020-07-03T17:56:27,CHANDRA,ACIS,16.957989,4.814000,0.451000
23667,2021-04-14T02:53:07,CHANDRA,ACIS,25.956888,6.087000,0.484000
